,3_9,19_53_5,0,0,0,0,0,0,0.00, 0.00,0.00, 1.36, -1.12,0.00, 0.00, 0.00,0.00, 0.00, 0.00,0.00, 0.00, 0.00,0.00, 0.00, 0.00,0.00, 0.00, 0.00,0,0,0,0
,3_9,19_53_6,0.01999999,0,0,0,0,0.01999999,-0.69, 0.37,0.26, 1.87, 0.70,0.00, 0.00, 1.00,0.00, 0.00, 0.00,0.00, 0.00, 0.00,0.00, 0.00, 0.00,0.00, 0.00, 0.00,0,0,0,0
0,3_9,19_53_6,0.07658119,1,0,0,0,0,-0.69, 0.37,0.26, 1.87, 0.70,0.00, 0.00, 1.00,0.00, 0.00, 0.00,0.00, 0.00, 0.00,0.00, 0.00, 0.00,0.00, 0.00, 0.00,0,0,0,0
0,3_9,19_53_6,0.087354,1,0,0,0,0.0107728,-0.69, 0.37,0.26, 1.87, 0.70,0.00, 0.00, 1.00,0.00, 0.00, 0.00,0.00, 0.00, 0.00,0.00, 0.00, 0.00,0.00, 0.00, 0.00,0,0,0,0
0,3_9,19_53_6,0.0914792,1,0,0,0,0.014898,-0.69, 0.37,0.26, 1.87, 0.70,0.00, 0.00, 1.00,0.00, 0.00, 0.00,0.00, 0.00, 0.00,0.00, 0.00, 0.00,0.00, 0.00, 0.00,0,0,0,0
0,3_9,19_53_6,0.0955212,1,0,0,0,0.01894,-0.69, 0.37,0.26, 1.87, 0.70,0.00, 0.00, 1.00,0.00, 0.00, 0.00,0.00, 0.00, 0.00,0.00, 0.00, 0.00,0.00, 0.00, 0.00,0,0,0,0
0,3_9,19_53_6,0.09922379,1,0,0,0,0.0226426,-0.69, 0.37,0.26, 1.87, 0.70,0.00, 0.00, 1.00,0.00, 0.00, 0.00,0.00, 0.00, 0.00,0.00, 0.00, 0.00,0.00, 0.00, 0.00,0,0,0,0
0,3_9,19_53_6,0.1030876,1,0,0,0,0.0265064,-0.69, 0.37,0.26, 1.87, 0.70,0.00, 0.00, 1.00,0.00, 0.00, 0.00,0.00, 0.00, 0.00,0.00, 0.00, 0.00,0.00, 0.00, 0.00,0,0,0,0
0,3_9,19_53_6,0.107325,1,0,0,0,0.0307438,-0.69, 0.37,0.26, 1.87, 0.70,0.00, 0.00, 1.00,0.00, 0.00, 0.00,0.00, 0.00, 0.00,0.00, 0.00, 0.00,0.00, 0.00, 0.00,0,0,0,0
0,3_9,19_53_6,0.1117146,1,0,0,0,0.0351334,-0.69, 0.37,0.26, 1.87, 0.70,0.00, 0.00, 1.00,0.00, 0.00, 0.00,0.00, 0.00, 0.00,0.00, 0.00, 0.00,0.00, 0.00, 0.00,0,0,0,0
0,3_9,19_53_6,0.115859,1,0,0,0,0.03927781,-0.69, 0.37,0.26, 1.87, 0.70,0.00, 0.00, 1.00,0.00, 0.00, 0.00,0.00, 0.00, 0.00,0.00, 0.00, 0.00,0.00, 0.00, 0.00,0,0,0,0
0,3_9,19_53_6,0.1197205,1,0,0,0,0.0431393,-0.69, 0.37,0.26, 1.87, 0.70,0.00, 0.00, 1.00,0.00, 0.00, 0.00,0.00, 0.00, 0.00,0.00, 0.00, 0.00,0.00, 0.00, 0.00,0,0,0,0
0,3_9,19_53_6,0.123579,1,0,0,0,0.0469978,-0.69, 0.37,0.26, 1.87, 0.70,0.00, 0.00, 1.00,0.00, 0.00, 0.00,0.00, 0.00, 0.00,0.00, 0.00, 0.00,0.00, 0.00, 0.00,0,0,0,0
0,3_9,19_53_6,0.1278885,1,0,0,0,0.05130731,-0.69, 0.37,0.26, 1.87, 0.70,0.00, 0.00, 1.00,0.00, 0.00, 0.00,0.00, 0.00, 0.00,0.00, 0.00, 0.00,0.00, 0.00, 0.00,0,0,0,0
0,3_9,19_53_6,0.1319824,1,0,0,0,0.05540121,-0.69, 0.37,0.26, 1.87, 0.70,0.00, 0.00, 1.00,0.00, 0.00, 0.00,0.00, 0.00, 0.00,0.00, 0.00, 0.00,0.00, 0.00, 0.00,0,0,0,0
0,3_9,19_53_6,0.1357604,1,0,0,0,0.0591792,-0.69, 0.37,0.26, 1.87, 0.70,0.00, 0.00, 1.00,0.00, 0.00, 0.00,0.00, 0.00, 0.00,0.00, 0.00, 0.00,0.00, 0.00, 0.00,0,0,0,0
0,3_9,19_53_6,0.1399022,1,0,0,0,0.06332099,-0.69, 0.37,0.26, 1.87, 0.70,0.00, 0.00, 1.00,0.00, 0.00, 0.00,0.00, 0.00, 0.00,0.00, 0.00, 0.00,0.00, 0.00, 0.00,0,0,0,0
0,3_9,19_53_6,0.143875,1,0,0,0,0.06729379,-0.69, 0.37,0.26, 1.87, 0.70,0.00, 0.00, 1.00,0.00, 0.00, 0.00,0.00, 0.00, 0.00,0.00, 0.00, 0.00,0.00, 0.00, 0.00,0,0,0,0
0,3_9,19_53_6,0.1483886,1,0,0,0,0.0718074,-0.69, 0.37,0.26, 1.87, 0.70,0.00, 0.00, 1.00,0.00, 0.00, 0.00,0.00, 0.00, 0.00,0.00, 0.00, 0.00,0.00, 0.00, 0.00,0,0,0,0
0,3_9,19_53_6,0.1524643,1,0,0,0,0.07588309,-0.69, 0.37,0.26, 1.87, 0.70,0.00, 0.00, 1.00,0.00, 0.00, 0.00,0.00, 0.00, 0.00,0.00, 0.00, 0.00,0.00, 0.00, 0.00,0,0,0,0
0,3_9,19_53_6,0.1579848,1,0,0,0,0.0814036,-0.69, 0.37,0.26, 1.87, 0.70,0.00, 0.00, 1.00,0.00, 0.00, 0.00,0.00, 0.00, 0.00,0.00, 0.00, 0.00,0.00, 0.00, 0.00,0,0,0,0
0,3_9,19_53_6,0.1625641,1,0,0,0,0.0859829,-0.69, 0.37,0.26, 1.87, 0.70,0.00, 0.00, 1.00,0.00, 0.00, 0.00,0.00, 0.00, 0.00,0.00, 0.00, 0.00,0.00, 0.00, 0.00,0,0,0,0
0,3_9,19_53_6,0.1666431,1,0,0,0,0.0900619,-0.69, 0.37,0.26, 1.87, 0.70,0.00, 0.00, 1.00,0.00, 0.00, 0.00,0.00, 0.00, 0.00,0.00, 0.00, 0.00,0.00, 0.00, 0.00,0,0,0,0
0,3_9,19_53_6,0.1706373,1,0,0,0,0.0940561,-0.69, 0.37,0.26, 1.87, 0.70,0.00, 0.00, 1.00,0.00, 0.00, 0.00,0.00, 0.00, 0.00,0.00, 0.00, 0.00,0.00, 0.00, 0.00,0,0,0,0
0,3_9,19_53_6,0.1743486,1,0,0,0,0.0977674,-0.69, 0.37,0.26, 1.87, 0.70,0.00, 0.00, 1.00,0.00, 0.00, 0.00,0.00, 0.00, 0.00,0.00, 0.00, 0.00,0.00, 0.00, 0.00,0,0,0,0
0,3_9,19_53_6,0.1781402,1,0,0,0,0.101559,-0.69, 0.37,0.26, 1.87, 0.70,0.00, 0.00, 1.00,0.00, 0.00, 0.00,0.00, 0.00, 0.00,0.00, 0.00, 0.00,0.00, 0.00, 0.00,0,0,0,0
0,3_9,19_53_7,0.1818212,1,0,0,0,0.10524,-0.69, 0.37,0.26, 1.87, 0.70,0.00, 0.00, 1.00,0.00, 0.00, 0.00,0.00, 0.00, 0.00,0.00, 0.00, 0.00,0.00, 0.00, 0.00,0,0,0,0
0,3_9,19_53_7,0.1856549,1,0,0,0,0.1090737,-0.69, 0.37,0.26, 1.87, 0.70,0.00, 0.00, 1.00,0.00, 0.00, 0.00,0.00, 0.00, 0.00,0.00, 0.00, 0.00,0.00, 0.00, 0.00,0,0,0,0
0,3_9,19_53_7,0.1896755,1,0,0,0,0.1130943,-0.69, 0.37,0.26, 1.87, 0.70,0.00, 0.00, 1.00,0.00, 0.00, 0.00,0.00, 0.00, 0.00,0.00, 0.00, 0.00,0.00, 0.00, 0.00,0,0,0,0
0,3_9,19_53_7,0.1935065,1,0,0,0,0.1169253,-0.69, 0.37,0.26, 1.87, 0.70,0.00, 0.00, 1.00,0.00, 0.00, 0.00,0.00, 0.00, 0.00,0.00, 0.00, 0.00,0.00, 0.00, 0.00,0,0,0,0
0,3_9,19_53_7,0.1975439,1,0,0,0,0.1209627,-0.69, 0.37,0.26, 1.87, 0.70,0.00, 0.00, 1.00,0.00, 0.00, 0.00,0.00, 0.00, 0.00,0.00, 0.00, 0.00,0.00, 0.00, 0.00,0,0,0,0
0,3_9,19_53_7,0.2016821,1,0,0,0,0.1251009,-0.69, 0.37,0.26, 1.87, 0.70,0.00, 0.00, 1.00,0.00, 0.00, 0.00,0.00, 0.00, 0.00,0.00, 0.00, 0.00,0.00, 0.00, 0.00,0,0,0,0
0,3_9,19_53_7,0.2055749,1,0,0,0,0.1289937,-0.69, 0.37,0.26, 1.87, 0.70,0.00, 0.00, 1.00,0.00, 0.00, 0.00,0.00, 0.00, 0.00,0.00, 0.00, 0.00,0.00, 0.00, 0.00,0,0,0,0
0,3_9,19_53_7,0.2099615,1,0,0,0,0.1333803,-0.69, 0.37,0.26, 1.87, 0.70,0.00, 0.00, 1.00,0.00, 0.00, 0.00,0.00, 0.00, 0.00,0.00, 0.00, 0.00,0.00, 0.00, 0.00,0,0,0,0
0,3_9,19_53_7,0.2145652,1,0,0,0,0.137984,-0.69, 0.37,0.26, 1.87, 0.70,0.00, 0.00, 1.00,0.00, 0.00, 0.00,0.00, 0.00, 0.00,0.00, 0.00, 0.00,0.00, 0.00, 0.00,0,0,0,0
0,3_9,19_53_7,0.2188807,1,0,0,0,0.1422995,-0.69, 0.37,0.26, 1.87, 0.70,0.00, 0.00, 1.00,0.00, 0.00, 0.00,0.00, 0.00, 0.00,0.00, 0.00, 0.00,0.00, 0.00, 0.00,0,0,0,0
0,3_9,19_53_7,0.2232857,1,0,0,0,0.1467045,-0.69, 0.37,0.26, 1.87, 0.70,0.00, 0.00, 1.00,0.00, 0.00, 0.00,0.00, 0.00, 0.00,0.00, 0.00, 0.00,0.00, 0.00, 0.00,0,0,0,0
0,3_9,19_53_7,0.2276677,1,0,0,0,0.1510865,-0.69, 0.37,0.26, 1.87, 0.70,0.00, 0.00, 1.00,0.00, 0.00, 0.00,0.00, 0.00, 0.00,0.00, 0.00, 0.00,0.00, 0.00, 0.00,0,0,0,0
0,3_9,19_53_7,0.231366,1,0,0,0,0.1547848,-0.69, 0.37,0.26, 1.87, 0.70,0.00, 0.00, 1.00,0.00, 0.00, 0.00,0.00, 0.00, 0.00,0.00, 0.00, 0.00,0.00, 0.00, 0.00,0,0,0,0
0,3_9,19_53_7,0.2352206,1,0,0,0,0.1586394,-0.69, 0.37,0.26, 1.87, 0.70,0.00, 0.00, 1.00,0.00, 0.00, 0.00,0.00, 0.00, 0.00,0.00, 0.00, 0.00,0.00, 0.00, 0.00,0,0,0,0
0,3_9,19_53_7,0.2395573,1,0,0,0,0.1629761,-0.69, 0.37,0.26, 1.87, 0.70,0.00, 0.00, 1.00,0.00, 0.00, 0.00,0.00, 0.00, 0.00,0.00, 0.00, 0.00,0.00, 0.00, 0.00,0,0,0,0
0,3_9,19_53_7,0.243496,1,0,0,0,0.1669148,-0.69, 0.37,0.26, 1.87, 0.70,0.00, 0.00, 1.00,0.00, 0.00, 0.00,0.00, 0.00, 0.00,0.00, 0.00, 0.00,0.00, 0.00, 0.00,0,0,0,0
0,3_9,19_53_7,0.2478794,1,0,0,0,0.1712982,-0.69, 0.37,0.26, 1.87, 0.70,0.00, 0.00, 1.00,0.00, 0.00, 0.00,0.00, 0.00, 0.00,0.00, 0.00, 0.00,0.00, 0.00, 0.00,0,0,0,0
0,3_9,19_53_7,0.2519143,1,0,0,0,0.1753331,-0.69, 0.37,0.26, 1.87, 0.70,0.00, 0.00, 1.00,0.00, 0.00, 0.00,0.00, 0.00, 0.00,0.00, 0.00, 0.00,0.00, 0.00, 0.00,0,0,0,0
0,3_9,19_53_7,0.2558402,1,0,0,0,0.179259,-0.69, 0.37,0.26, 1.87, 0.70,0.00, 0.00, 1.00,0.00, 0.00, 0.00,0.00, 0.00, 0.00,0.00, 0.00, 0.00,0.00, 0.00, 0.00,0,0,0,0
0,3_9,19_53_7,0.2596164,1,0,0,0,0.1830352,-0.69, 0.37,0.26, 1.87, 0.70,0.00, 0.00, 1.00,0.00, 0.00, 0.00,0.00, 0.00, 0.00,0.00, 0.00, 0.00,0.00, 0.00, 0.00,0,0,0,0
0,3_9,19_53_7,0.2632537,1,0,0,0,0.1866725,-0.69, 0.37,0.26, 1.87, 0.70,0.00, 0.00, 1.00,0.00, 0.00, 0.00,0.00, 0.00, 0.00,0.00, 0.00, 0.00,0.00, 0.00, 0.00,0,0,0,0
0,3_9,19_53_7,0.2743229,1,0,0,0,0.1977417,-0.69, 0.37,0.26, 1.87, 0.70,0.00, 0.00, 1.00,0.00, 0.00, 0.00,0.00, 0.00, 0.00,0.00, 0.00, 0.00,0.00, 0.00, 0.00,0,0,0,0
0,3_9,19_53_7,0.2781778,1,0,0,0,0.2015966,-0.69, 0.37,0.26, 1.87, 0.70,0.00, 0.00, 1.00,0.00, 0.00, 0.00,0.00, 0.00, 0.00,0.00, 0.00, 0.00,0.00, 0.00, 0.00,0,0,0,0
0,3_9,19_53_7,0.2817867,1,0,0,0,0.2052055,-0.69, 0.37,0.26, 1.87, 0.70,0.00, 0.00, 1.00,0.00, 0.00, 0.00,0.00, 0.00, 0.00,0.00, 0.00, 0.00,0.00, 0.00, 0.00,0,0,0,0
0,3_9,19_53_7,0.285562,1,0,0,0,0.2089808,-0.69, 0.37,0.26, 1.87, 0.70,0.00, 0.00, 1.00,0.00, 0.00, 0.00,0.00, 0.00, 0.00,0.00, 0.00, 0.00,0.00, 0.00, 0.00,0,0,0,0
0,3_9,19_53_7,0.2893619,1,0,0,0,0.2127807,-0.69, 0.37,0.26, 1.87, 0.70,0.00, 0.00, 1.00,0.00, 0.00, 0.00,0.00, 0.00, 0.00,0.00, 0.00, 0.00,0.00, 0.00, 0.00,0,0,0,0
0,3_9,19_53_7,0.293581,1,0,0,0,0.2169998,-0.69, 0.37,0.26, 1.87, 0.70,0.00, 0.00, 1.00,0.00, 0.00, 0.00,0.00, 0.00, 0.00,0.00, 0.00, 0.00,0.00, 0.00, 0.00,0,0,0,0
0,3_9,19_53_7,0.2973573,1,0,0,0,0.2207761,-0.69, 0.37,0.26, 1.87, 0.70,0.00, 0.00, 1.00,0.00, 0.00, 0.00,0.00, 0.00, 0.00,0.00, 0.00, 0.00,0.00, 0.00, 0.00,0,0,0,0
0,3_9,19_53_7,0.3010242,1,0,0,0,0.224443,-0.69, 0.37,0.26, 1.87, 0.70,0.00, 0.00, 1.00,0.00, 0.00, 0.00,0.00, 0.00, 0.00,0.00, 0.00, 0.00,0.00, 0.00, 0.00,0,0,0,0
0,3_9,19_53_7,0.3054212,1,0,0,0,0.22884,-0.69, 0.37,0.26, 1.87, 0.70,0.00, 0.00, 1.00,0.00, 0.00, 0.00,0.00, 0.00, 0.00,0.00, 0.00, 0.00,0.00, 0.00, 0.00,0,0,0,0
0,3_9,19_53_7,0.3090712,1,0,0,0,0.23249,-0.69, 0.37,0.26, 1.87, 0.70,0.00, 0.00, 1.00,0.00, 0.00, 0.00,0.00, 0.00, 0.00,0.00, 0.00, 0.00,0.00, 0.00, 0.00,0,0,0,0
0,3_9,19_53_7,0.3127479,1,0,0,0,0.2361667,-0.69, 0.37,0.26, 1.87, 0.70,0.00, 0.00, 1.00,0.00, 0.00, 0.00,0.00, 0.00, 0.00,0.00, 0.00, 0.00,0.00, 0.00, 0.00,0,0,0,0
0,3_9,19_53_7,0.3167797,1,0,0,0,0.2401985,-0.69, 0.37,0.26, 1.87, 0.70,0.00, 0.00, 1.00,0.00, 0.00, 0.00,0.00, 0.00, 0.00,0.00, 0.00, 0.00,0.00, 0.00, 0.00,0,0,0,0
0,3_9,19_53_7,0.3205977,1,0,0,0,0.2440165,-0.69, 0.37,0.26, 1.87, 0.70,0.00, 0.00, 1.00,0.00, 0.00, 0.00,0.00, 0.00, 0.00,0.00, 0.00, 0.00,0.00, 0.00, 0.00,0,0,0,0
0,3_9,19_53_7,0.3257021,1,0,0,0,0.2491209,-0.69, 0.37,0.26, 1.87, 0.70,0.00, 0.00, 1.00,0.00, 0.00, 0.00,0.00, 0.00, 0.00,0.00, 0.00, 0.00,0.00, 0.00, 0.00,0,0,0,0
0,3_9,19_53_7,0.3298881,1,0,0,0,0.2533069,-0.69, 0.37,0.26, 1.87, 0.70,0.00, 0.00, 1.00,0.00, 0.00, 0.00,0.00, 0.00, 0.00,0.00, 0.00, 0.00,0.00, 0.00, 0.00,0,0,0,0
0,3_9,19_53_7,0.3343332,1,0,0,0,0.257752,-0.69, 0.37,0.26, 1.87, 0.70,0.00, 0.00, 1.00,0.00, 0.00, 0.00,0.00, 0.00, 0.00,0.00, 0.00, 0.00,0.00, 0.00, 0.00,0,0,0,0
0,3_9,19_53_7,0.3389063,1,0,0,0,0.2623251,-0.69, 0.37,0.26, 1.87, 0.70,0.00, 0.00, 1.00,0.00, 0.00, 0.00,0.00, 0.00, 0.00,0.00, 0.00, 0.00,0.00, 0.00, 0.00,0,0,0,0
0,3_9,19_53_7,0.342858,1,0,0,0,0.2662768,-0.69, 0.37,0.26, 1.87, 0.70,0.00, 0.00, 1.00,0.00, 0.00, 0.00,0.00, 0.00, 0.00,0.00, 0.00, 0.00,0.00, 0.00, 0.00,0,0,0,0
0,3_9,19_53_7,0.3467338,1,0,0,0,0.2701526,-0.69, 0.37,0.26, 1.87, 0.70,0.00, 0.00, 1.00,0.00, 0.00, 0.00,0.00, 0.00, 0.00,0.00, 0.00, 0.00,0.00, 0.00, 0.00,0,0,0,0
0,3_9,19_53_7,0.3511847,1,0,0,0,0.2746035,-0.69, 0.37,0.26, 1.87, 0.70,0.00, 0.00, 1.00,0.00, 0.00, 0.00,0.00, 0.00, 0.00,0.00, 0.00, 0.00,0.00, 0.00, 0.00,0,0,0,0
0,3_9,19_53_7,0.3556671,1,0,0,0,0.2790859,-0.69, 0.37,0.26, 1.87, 0.70,0.00, 0.00, 1.00,0.00, 0.00, 0.00,0.00, 0.00, 0.00,0.00, 0.00, 0.00,0.00, 0.00, 0.00,0,0,0,0
0,3_9,19_53_7,0.3596749,1,0,0,0,0.2830937,-0.68, 0.37,0.26, 1.87, 0.70,0.00, 0.00, 1.00,0.00, 0.00, 0.00,0.00, 0.00, 0.00,0.00, 0.00, 0.00,0.00, 0.00, 0.00,0,0,0,0
0,3_9,19_53_7,0.3638587,1,0,0,0,0.2872775,-0.68, 0.37,0.26, 1.87, 0.70,0.00, 0.00, 1.00,0.00, 0.00, 0.00,0.00, 0.00, 0.00,0.00, 0.00, 0.00,0.00, 0.00, 0.00,0,0,0,0
0,3_9,19_53_7,0.368479,1,0,0,0,0.2918978,-0.68, 0.37,0.26, 1.87, 0.70,0.00, 0.00, 1.00,0.00, 0.00, 0.00,0.00, 0.00, 0.00,0.00, 0.00, 0.00,0.00, 0.00, 0.00,0,0,0,0
0,3_9,19_53_7,0.3723423,1,0,0,0,0.2957611,-0.68, 0.37,0.26, 1.87, 0.70,0.00, 0.00, 1.00,0.00, 0.00, 0.00,0.00, 0.00, 0.00,0.00, 0.00, 0.00,0.00, 0.00, 0.00,0,0,0,0
0,3_9,19_53_7,0.3771849,1,0,0,0,0.3006037,-0.68, 0.37,0.26, 1.87, 0.70,0.00, 0.00, 1.00,0.00, 0.00, 0.00,0.00, 0.00, 0.00,0.00, 0.00, 0.00,0.00, 0.00, 0.00,0,0,0,0
0,3_9,19_53_7,0.3816833,1,0,0,0,0.3051021,-0.68, 0.37,0.26, 1.87, 0.70,0.00, 0.00, 1.00,0.00, 0.00, 0.00,0.00, 0.00, 0.00,0.00, 0.00, 0.00,0.00, 0.00, 0.00,0,0,0,0
0,3_9,19_53_7,0.3866616,1,0,0,0,0.3100804,-0.67, 0.37,0.26, 1.87, 0.69,0.00, 0.00, 1.00,0.00, 0.00, 0.00,0.00, 0.00, 0.00,0.00, 0.00, 0.00,0.00, 0.00, 0.00,0,0,0,0
0,3_9,19_53_7,0.3918525,1,0,0,0,0.3152713,-0.67, 0.37,0.26, 1.87, 0.69,0.00, 0.00, 1.00,0.00, 0.00, 0.00,0.00, 0.00, 0.00,0.00, 0.00, 0.00,0.00, 0.00, 0.00,0,0,0,0
0,3_9,19_53_7,0.3974843,1,0,0,0,0.3209031,-0.66, 0.36,0.26, 1.87, 0.69,0.00, 0.00, 1.00,0.00, 0.00, 0.00,0.00, 0.00, 0.00,0.00, 0.00, 0.00,0.00, 0.00, 0.00,0,0,0,0
0,3_9,19_53_7,0.4019655,1,0,0,0,0.3253843,-0.66, 0.36,0.26, 1.87, 0.69,0.00, 0.00, 1.00,0.00, 0.00, 0.00,0.00, 0.00, 0.00,0.00, 0.00, 0.00,0.00, 0.00, 0.00,0,0,0,0
0,3_9,19_53_7,0.4070909,1,0,0,0,0.3305097,-0.65, 0.36,0.26, 1.88, 0.69,0.00, 0.00, 1.00,0.00, 0.00, 0.00,0.00, 0.00, 0.00,0.00, 0.00, 0.00,0.00, 0.00, 0.00,0,0,0,0
0,3_9,19_53_7,0.411763,1,0,0,0,0.3351818,-0.64, 0.36,0.26, 1.88, 0.69,0.00, 0.00, 1.00,0.00, 0.00, 0.00,0.00, 0.00, 0.00,0.00, 0.00, 0.00,0.00, 0.00, 0.00,0,0,0,0
0,3_9,19_53_7,0.4167474,1,0,0,0,0.3401662,-0.63, 0.36,0.25, 1.88, 0.69,0.00, 0.00, 1.00,0.00, 0.00, 0.00,0.00, 0.00, 0.00,0.00, 0.00, 0.00,0.00, 0.00, 0.00,0,0,0,0
0,3_9,19_53_7,0.420987,1,0,0,0,0.3444058,-0.62, 0.36,0.25, 1.88, 0.69,0.00, 0.00, 1.00,0.00, 0.00, 0.00,0.00, 0.00, 0.00,0.00, 0.00, 0.00,0.00, 0.00, 0.00,0,0,0,0
0,3_9,19_53_7,0.4267189,1,0,0,0,0.3501377,-0.61, 0.36,0.25, 1.88, 0.69,0.00, 0.00, 1.00,0.00, 0.00, 0.00,0.00, 0.00, 0.00,0.00, 0.00, 0.00,0.00, 0.00, 0.00,0,0,0,0
0,3_9,19_53_7,0.4318453,1,0,0,0,0.3552641,-0.60, 0.36,0.25, 1.88, 0.69,0.00, 0.00, 1.00,0.00, 0.00, 0.00,0.00, 0.00, 0.00,0.00, 0.00, 0.00,0.00, 0.00, 0.00,0,0,0,0
0,3_9,19_53_7,0.4366721,1,0,0,0,0.3600909,-0.59, 0.36,0.25, 1.88, 0.69,0.00, 0.00, 1.00,0.00, 0.00, 0.00,0.00, 0.00, 0.00,0.00, 0.00, 0.00,0.00, 0.00, 0.00,0,0,0,0
0,3_9,19_53_7,0.4417881,1,0,0,0,0.3652069,-0.58, 0.36,0.25, 1.88, 0.69,0.00, 0.00, 1.00,0.00, 0.00, 0.00,0.00, 0.00, 0.00,0.00, 0.00, 0.00,0.00, 0.00, 0.00,0,0,0,0
0,3_9,19_53_7,0.4470298,1,0,0,0,0.3704486,-0.57, 0.36,0.25, 1.88, 0.69,0.00, 0.00, 1.00,0.00, 0.00, 0.00,0.00, 0.00, 0.00,0.00, 0.00, 0.00,0.00, 0.00, 0.00,0,0,0,0
0,3_9,19_53_7,0.4517185,1,0,0,0,0.3751373,-0.57, 0.36,0.24, 1.88, 0.69,0.00, 0.00, 1.00,0.00, 0.00, 0.00,0.00, 0.00, 0.00,0.00, 0.00, 0.00,0.00, 0.00, 0.00,0,0,0,0
0,3_9,19_53_7,0.4561862,1,0,0,0,0.379605,-0.56, 0.36,0.24, 1.88, 0.69,0.00, 0.00, 1.00,0.00, 0.00, 0.00,0.00, 0.00, 0.00,0.00, 0.00, 0.00,0.00, 0.00, 0.00,0,0,0,0
0,3_9,19_53_7,0.4606994,1,0,0,0,0.3841182,-0.55, 0.36,0.24, 1.88, 0.69,0.00, 0.00, 1.00,0.00, 0.00, 0.00,0.00, 0.00, 0.00,0.00, 0.00, 0.00,0.00, 0.00, 0.00,0,0,0,0
0,3_9,19_53_7,0.4650452,1,0,0,0,0.388464,-0.55, 0.36,0.24, 1.88, 0.69,0.00, 0.00, 1.00,0.00, 0.00, 0.00,0.00, 0.00, 0.00,0.00, 0.00, 0.00,0.00, 0.00, 0.00,0,0,0,0
0,3_9,19_53_7,0.4697997,1,0,0,0,0.3932185,-0.54, 0.35,0.24, 1.88, 0.69,0.00, 0.00, 1.00,0.00, 0.00, 0.00,0.00, 0.00, 0.00,0.00, 0.00, 0.00,0.00, 0.00, 0.00,0,0,0,0
0,3_9,19_53_7,0.4748928,1,0,0,0,0.3983116,-0.54, 0.35,0.24, 1.89, 0.69,0.00, 0.00, 1.00,0.00, 0.00, 0.00,0.00, 0.00, 0.00,0.00, 0.00, 0.00,0.00, 0.00, 0.00,0,0,0,0
0,3_9,19_53_7,0.4795836,1,0,0,0,0.4030024,-0.53, 0.35,0.24, 1.89, 0.69,0.00, 0.00, 1.00,0.00, 0.00, 0.00,0.00, 0.00, 0.00,0.00, 0.00, 0.00,0.00, 0.00, 0.00,0,0,0,0
0,3_9,19_53_7,0.4872632,1,0,0,0,0.410682,-0.51, 0.35,0.24, 1.89, 0.69,0.00, 0.00, 1.00,0.00, 0.00, 0.00,0.00, 0.00, 0.00,0.00, 0.00, 0.00,0.00, 0.00, 0.00,0,0,0,0
0,3_9,19_53_7,0.4917471,1,0,0,0,0.4151659,-0.50, 0.34,0.24, 1.89, 0.69,0.00, 0.00, 1.00,0.00, 0.00, 0.00,0.00, 0.00, 0.00,0.00, 0.00, 0.00,0.00, 0.00, 0.00,0,0,0,0
0,3_9,19_53_7,0.4960556,1,0,0,0,0.4194744,-0.50, 0.34,0.24, 1.89, 0.69,0.00, 0.00, 1.00,0.00, 0.00, 0.00,0.00, 0.00, 0.00,0.00, 0.00, 0.00,0.00, 0.00, 0.00,0,0,0,0
0,3_9,19_53_7,0.5008043,1,0,0,0,0.4242231,-0.49, 0.34,0.24, 1.89, 0.69,0.00, 0.00, 1.00,0.00, 0.00, 0.00,0.00, 0.00, 0.00,0.00, 0.00, 0.00,0.00, 0.00, 0.00,0,0,0,0
0,3_9,19_53_7,0.5066059,1,0,0,0,0.4300247,-0.48, 0.33,0.24, 1.89, 0.69,0.00, 0.00, 1.00,0.00, 0.00, 0.00,0.00, 0.00, 0.00,0.00, 0.00, 0.00,0.00, 0.00, 0.00,0,0,0,0
0,3_9,19_53_7,0.5111374,1,0,0,0,0.4345562,-0.47, 0.33,0.24, 1.89, 0.69,0.00, 0.00, 1.00,0.00, 0.00, 0.00,0.00, 0.00, 0.00,0.00, 0.00, 0.00,0.00, 0.00, 0.00,0,0,0,0
0,3_9,19_53_7,0.515534,1,0,0,0,0.4389528,-0.47, 0.32,0.24, 1.89, 0.69,0.00, 0.00, 1.00,0.00, 0.00, 0.00,0.00, 0.00, 0.00,0.00, 0.00, 0.00,0.00, 0.00, 0.00,0,0,0,0
0,3_9,19_53_7,0.5197496,1,0,0,0,0.4431684,-0.46, 0.32,0.24, 1.89, 0.69,0.00, 0.00, 1.00,0.00, 0.00, 0.00,0.00, 0.00, 0.00,0.00, 0.00, 0.00,0.00, 0.00, 0.00,0,0,0,0
0,3_9,19_53_7,0.5240722,1,0,0,0,0.447491,-0.46, 0.32,0.24, 1.89, 0.69,0.00, 0.00, 1.00,0.00, 0.00, 0.00,0.00, 0.00, 0.00,0.00, 0.00, 0.00,0.00, 0.00, 0.00,0,0,0,0
0,3_9,19_53_7,0.5288069,1,0,0,0,0.4522257,-0.46, 0.31,0.24, 1.89, 0.69,0.00, 0.00, 1.00,0.00, 0.00, 0.00,0.00, 0.00, 0.00,0.00, 0.00, 0.00,0.00, 0.00, 0.00,0,0,0,0
0,3_9,19_53_7,0.5341784,1,0,0,0,0.4575972,-0.46, 0.31,0.24, 1.89, 0.69,0.00, 0.00, 1.00,0.00, 0.00, 0.00,0.00, 0.00, 0.00,0.00, 0.00, 0.00,0.00, 0.00, 0.00,0,0,0,0
0,3_9,19_53_7,0.5391827,1,0,0,0,0.4626015,-0.45, 0.31,0.24, 1.89, 0.69,0.00, 0.00, 1.00,0.00, 0.00, 0.00,0.00, 0.00, 0.00,0.00, 0.00, 0.00,0.00, 0.00, 0.00,0,0,0,0
0,3_9,19_53_7,0.5439452,1,0,0,0,0.467364,-0.45, 0.31,0.24, 1.89, 0.69,0.00, 0.00, 1.00,0.00, 0.00, 0.00,0.00, 0.00, 0.00,0.00, 0.00, 0.00,0.00, 0.00, 0.00,0,0,0,0
0,3_9,19_53_7,0.5487797,1,0,0,0,0.4721985,-0.45, 0.30,0.24, 1.89, 0.69,0.00, 0.00, 1.00,0.00, 0.00, 0.00,0.00, 0.00, 0.00,0.00, 0.00, 0.00,0.00, 0.00, 0.00,0,0,0,0
0,3_9,19_53_7,0.5530716,1,0,0,0,0.4764904,-0.45, 0.30,0.24, 1.89, 0.69,0.00, 0.00, 1.00,0.00, 0.00, 0.00,0.00, 0.00, 0.00,0.00, 0.00, 0.00,0.00, 0.00, 0.00,0,0,0,0
0,3_9,19_53_7,0.5575252,1,0,0,0,0.480944,-0.45, 0.30,0.24, 1.89, 0.69,0.00, 0.00, 1.00,0.00, 0.00, 0.00,0.00, 0.00, 0.00,0.00, 0.00, 0.00,0.00, 0.00, 0.00,0,0,0,0
0,3_9,19_53_7,0.5621562,1,0,0,0,0.485575,-0.45, 0.30,0.24, 1.89, 0.69,0.00, 0.00, 1.00,0.00, 0.00, 0.00,0.00, 0.00, 0.00,0.00, 0.00, 0.00,0.00, 0.00, 0.00,0,0,0,0
0,3_9,19_53_7,0.5669027,1,0,0,0,0.4903215,-0.45, 0.29,0.24, 1.89, 0.69,0.00, 0.00, 1.00,0.00, 0.00, 0.00,0.00, 0.00, 0.00,0.00, 0.00, 0.00,0.00, 0.00, 0.00,0,0,0,0
0,3_9,19_53_7,0.5719295,1,0,0,0,0.4953483,-0.45, 0.29,0.24, 1.89, 0.69,0.00, 0.00, 1.00,0.00, 0.00, 0.00,0.00, 0.00, 0.00,0.00, 0.00, 0.00,0.00, 0.00, 0.00,0,0,0,0
0,3_9,19_53_7,0.5769588,1,0,0,0,0.5003776,-0.45, 0.29,0.24, 1.89, 0.69,0.00, 0.00, 1.00,0.00, 0.00, 0.00,0.00, 0.00, 0.00,0.00, 0.00, 0.00,0.00, 0.00, 0.00,0,0,0,0
0,3_9,19_53_7,0.5817736,1,0,0,0,0.5051924,-0.45, 0.29,0.24, 1.89, 0.69,0.00, 0.00, 1.00,0.00, 0.00, 0.00,0.00, 0.00, 0.00,0.00, 0.00, 0.00,0.00, 0.00, 0.00,0,0,0,0
0,3_9,19_53_7,0.5864922,1,0,0,0,0.509911,-0.45, 0.29,0.24, 1.89, 0.69,0.00, 0.00, 1.00,0.00, 0.00, 0.00,0.00, 0.00, 0.00,0.00, 0.00, 0.00,0.00, 0.00, 0.00,0,0,0,0
0,3_9,19_53_7,0.5907283,1,0,0,0,0.5141471,-0.45, 0.29,0.24, 1.89, 0.69,0.00, 0.00, 1.00,0.00, 0.00, 0.00,0.00, 0.00, 0.00,0.00, 0.00, 0.00,0.00, 0.00, 0.00,0,0,0,0
0,3_9,19_53_7,0.5950057,1,0,0,0,0.5184245,-0.45, 0.29,0.24, 1.89, 0.69,0.00, 0.00, 1.00,0.00, 0.00, 0.00,0.00, 0.00, 0.00,0.00, 0.00, 0.00,0.00, 0.00, 0.00,0,0,0,0
0,3_9,19_53_7,0.5994619,1,0,0,0,0.5228807,-0.46, 0.29,0.24, 1.89, 0.69,0.00, 0.00, 1.00,0.00, 0.00, 0.00,0.00, 0.00, 0.00,0.00, 0.00, 0.00,0.00, 0.00, 0.00,0,0,0,0
0,3_9,19_53_7,0.6044397,1,0,0,0,0.5278585,-0.46, 0.29,0.24, 1.89, 0.69,0.00, 0.00, 1.00,0.00, 0.00, 0.00,0.00, 0.00, 0.00,0.00, 0.00, 0.00,0.00, 0.00, 0.00,0,0,0,0
0,3_9,19_53_7,0.6089857,1,0,0,0,0.5324045,-0.46, 0.29,0.24, 1.89, 0.69,0.00, 0.00, 1.00,0.00, 0.00, 0.00,0.00, 0.00, 0.00,0.00, 0.00, 0.00,0.00, 0.00, 0.00,0,0,0,0
0,3_9,19_53_7,0.6131697,1,0,0,0,0.5365885,-0.46, 0.29,0.24, 1.89, 0.69,0.00, 0.00, 1.00,0.00, 0.00, 0.00,0.00, 0.00, 0.00,0.00, 0.00, 0.00,0.00, 0.00, 0.00,0,0,0,0
0,3_9,19_53_7,0.6188233,1,0,0,0,0.5422421,-0.47, 0.29,0.24, 1.89, 0.69,0.00, 0.00, 1.00,0.00, 0.00, 0.00,0.00, 0.00, 0.00,0.00, 0.00, 0.00,0.00, 0.00, 0.00,0,0,0,0
0,3_9,19_53_7,0.6239179,1,0,0,0,0.5473367,-0.48, 0.29,0.25, 1.89, 0.69,0.00, 0.00, 1.00,0.00, 0.00, 0.00,0.00, 0.00, 0.00,0.00, 0.00, 0.00,0.00, 0.00, 0.00,0,0,0,0
0,3_9,19_53_7,0.6289051,1,0,0,0,0.5523239,-0.48, 0.29,0.25, 1.89, 0.69,0.00, 0.00, 1.00,0.00, 0.00, 0.00,0.00, 0.00, 0.00,0.00, 0.00, 0.00,0.00, 0.00, 0.00,0,0,0,0
0,3_9,19_53_7,0.6333792,1,0,0,0,0.556798,-0.48, 0.29,0.25, 1.89, 0.69,0.00, 0.00, 1.00,0.00, 0.00, 0.00,0.00, 0.00, 0.00,0.00, 0.00, 0.00,0.00, 0.00, 0.00,0,0,0,0
0,3_9,19_53_7,0.6379307,1,0,0,0,0.5613495,-0.49, 0.29,0.25, 1.89, 0.69,0.00, 0.00, 1.00,0.00, 0.00, 0.00,0.00, 0.00, 0.00,0.00, 0.00, 0.00,0.00, 0.00, 0.00,0,0,0,0
0,3_9,19_53_7,0.6422501,1,0,0,0,0.5656689,-0.49, 0.29,0.25, 1.89, 0.69,0.00, 0.00, 1.00,0.00, 0.00, 0.00,0.00, 0.00, 0.00,0.00, 0.00, 0.00,0.00, 0.00, 0.00,0,0,0,0
0,3_9,19_53_7,0.6500506,1,0,0,0,0.5734694,-0.50, 0.29,0.25, 1.89, 0.69,0.00, 0.00, 1.00,0.00, 0.00, 0.00,0.00, 0.00, 0.00,0.00, 0.00, 0.00,0.00, 0.00, 0.00,0,0,0,0
0,3_9,19_53_7,0.6547118,1,0,0,0,0.5781306,-0.50, 0.29,0.25, 1.89, 0.69,0.00, 0.00, 1.00,0.00, 0.00, 0.00,0.00, 0.00, 0.00,0.00, 0.00, 0.00,0.00, 0.00, 0.00,0,0,0,0
0,3_9,19_53_7,0.6589775,1,0,0,0,0.5823963,-0.51, 0.29,0.25, 1.89, 0.69,0.00, 0.00, 1.00,0.00, 0.00, 0.00,0.00, 0.00, 0.00,0.00, 0.00, 0.00,0.00, 0.00, 0.00,0,0,0,0
0,3_9,19_53_7,0.6641414,1,0,0,0,0.5875602,-0.51, 0.29,0.25, 1.89, 0.69,0.00, 0.00, 1.00,0.00, 0.00, 0.00,0.00, 0.00, 0.00,0.00, 0.00, 0.00,0.00, 0.00, 0.00,0,0,0,0
0,3_9,19_53_7,0.6686642,1,0,0,0,0.592083,-0.51, 0.29,0.25, 1.89, 0.69,0.00, 0.00, 1.00,0.00, 0.00, 0.00,0.00, 0.00, 0.00,0.00, 0.00, 0.00,0.00, 0.00, 0.00,0,0,0,0
0,3_9,19_53_7,0.6729524,1,0,0,0,0.5963712,-0.52, 0.30,0.25, 1.89, 0.69,0.00, 0.00, 1.00,0.00, 0.00, 0.00,0.00, 0.00, 0.00,0.00, 0.00, 0.00,0.00, 0.00, 0.00,0,0,0,0
0,3_9,19_53_7,0.6778161,1,0,0,0,0.6012349,-0.52, 0.30,0.25, 1.89, 0.69,0.00, 0.00, 1.00,0.00, 0.00, 0.00,0.00, 0.00, 0.00,0.00, 0.00, 0.00,0.00, 0.00, 0.00,0,0,0,0
0,3_9,19_53_7,0.6822669,1,0,0,0,0.6056857,-0.52, 0.30,0.25, 1.89, 0.69,0.00, 0.00, 1.00,0.00, 0.00, 0.00,0.00, 0.00, 0.00,0.00, 0.00, 0.00,0.00, 0.00, 0.00,0,0,0,0
0,3_9,19_53_7,0.6867804,1,0,0,0,0.6101992,-0.53, 0.30,0.25, 1.89, 0.69,0.00, 0.00, 1.00,0.00, 0.00, 0.00,0.00, 0.00, 0.00,0.00, 0.00, 0.00,0.00, 0.00, 0.00,0,0,0,0
0,3_9,19_53_7,0.6912769,1,0,0,0,0.6146957,-0.53, 0.30,0.25, 1.89, 0.69,0.00, 0.00, 1.00,0.00, 0.00, 0.00,0.00, 0.00, 0.00,0.00, 0.00, 0.00,0.00, 0.00, 0.00,0,0,0,0
0,3_9,19_53_7,0.6957152,1,0,0,0,0.619134,-0.54, 0.30,0.25, 1.89, 0.69,0.00, 0.00, 1.00,0.00, 0.00, 0.00,0.00, 0.00, 0.00,0.00, 0.00, 0.00,0.00, 0.00, 0.00,0,0,0,0
0,3_9,19_53_7,0.699952,1,0,0,0,0.6233708,-0.54, 0.30,0.25, 1.89, 0.69,0.00, 0.00, 1.00,0.00, 0.00, 0.00,0.00, 0.00, 0.00,0.00, 0.00, 0.00,0.00, 0.00, 0.00,0,0,0,0
0,3_9,19_53_7,0.7041388,1,0,0,0,0.6275576,-0.54, 0.30,0.25, 1.88, 0.69,0.00, 0.00, 1.00,0.00, 0.00, 0.00,0.00, 0.00, 0.00,0.00, 0.00, 0.00,0.00, 0.00, 0.00,0,0,0,0
0,3_9,19_53_7,0.7090232,1,0,0,0,0.632442,-0.55, 0.30,0.25, 1.88, 0.69,0.00, 0.00, 1.00,0.00, 0.00, 0.00,0.00, 0.00, 0.00,0.00, 0.00, 0.00,0.00, 0.00, 0.00,0,0,0,0
0,3_9,19_53_7,0.7138642,1,0,0,0,0.637283,-0.55, 0.30,0.25, 1.88, 0.69,0.00, 0.00, 1.00,0.00, 0.00, 0.00,0.00, 0.00, 0.00,0.00, 0.00, 0.00,0.00, 0.00, 0.00,0,0,0,0
0,3_9,19_53_7,0.7181442,1,0,0,0,0.641563,-0.56, 0.30,0.25, 1.88, 0.69,0.00, 0.00, 1.00,0.00, 0.00, 0.00,0.00, 0.00, 0.00,0.00, 0.00, 0.00,0.00, 0.00, 0.00,0,0,0,0
0,3_9,19_53_7,0.722644,1,0,0,0,0.6460628,-0.56, 0.30,0.26, 1.88, 0.69,0.00, 0.00, 1.00,0.00, 0.00, 0.00,0.00, 0.00, 0.00,0.00, 0.00, 0.00,0.00, 0.00, 0.00,0,0,0,0
0,3_9,19_53_7,0.7271052,1,0,0,0,0.650524,-0.57, 0.30,0.26, 1.88, 0.69,0.00, 0.00, 1.00,0.00, 0.00, 0.00,0.00, 0.00, 0.00,0.00, 0.00, 0.00,0.00, 0.00, 0.00,0,0,0,0
0,3_9,19_53_7,0.7316213,1,0,0,0,0.6550401,-0.58, 0.30,0.26, 1.88, 0.69,0.00, 0.00, 1.00,0.00, 0.00, 0.00,0.00, 0.00, 0.00,0.00, 0.00, 0.00,0.00, 0.00, 0.00,0,0,0,0
0,3_9,19_53_7,0.7366737,1,0,0,0,0.6600925,-0.58, 0.30,0.26, 1.88, 0.69,0.00, 0.00, 1.00,0.00, 0.00, 0.00,0.00, 0.00, 0.00,0.00, 0.00, 0.00,0.00, 0.00, 0.00,0,0,0,0
0,3_9,19_53_7,0.7409142,1,0,0,0,0.664333,-0.59, 0.30,0.26, 1.88, 0.69,0.00, 0.00, 1.00,0.00, 0.00, 0.00,0.00, 0.00, 0.00,0.00, 0.00, 0.00,0.00, 0.00, 0.00,0,0,0,0
0,3_9,19_53_7,0.7456795,1,0,0,0,0.6690983,-0.60, 0.30,0.26, 1.88, 0.69,0.00, 0.00, 1.00,0.00, 0.00, 0.00,0.00, 0.00, 0.00,0.00, 0.00, 0.00,0.00, 0.00, 0.00,0,0,0,0
0,3_9,19_53_7,0.7506653,1,0,0,0,0.6740841,-0.61, 0.30,0.26, 1.88, 0.69,0.00, 0.00, 1.00,0.00, 0.00, 0.00,0.00, 0.00, 0.00,0.00, 0.00, 0.00,0.00, 0.00, 0.00,0,0,0,0
0,3_9,19_53_7,0.7553143,1,0,0,0,0.6787331,-0.62, 0.30,0.27, 1.88, 0.69,0.00, 0.00, 1.00,0.00, 0.00, 0.00,0.00, 0.00, 0.00,0.00, 0.00, 0.00,0.00, 0.00, 0.00,0,0,0,0
0,3_9,19_53_7,0.7600342,1,0,0,0,0.683453,-0.63, 0.30,0.27, 1.88, 0.69,0.00, 0.00, 1.00,0.00, 0.00, 0.00,0.00, 0.00, 0.00,0.00, 0.00, 0.00,0.00, 0.00, 0.00,0,0,0,0
0,3_9,19_53_7,0.7649339,1,0,0,0,0.6883527,-0.65, 0.30,0.27, 1.88, 0.69,0.00, 0.00, 1.00,0.00, 0.00, 0.00,0.00, 0.00, 0.00,0.00, 0.00, 0.00,0.00, 0.00, 0.00,0,0,0,0
0,3_9,19_53_7,0.7697222,1,0,0,0,0.693141,-0.66, 0.30,0.27, 1.87, 0.69,0.00, 0.00, 1.00,0.00, 0.00, 0.00,0.00, 0.00, 0.00,0.00, 0.00, 0.00,0.00, 0.00, 0.00,0,0,0,0
0,3_9,19_53_7,0.7750536,1,0,0,0,0.6984724,-0.68, 0.30,0.28, 1.87, 0.69,0.00, 0.00, 1.00,0.00, 0.00, 0.00,0.00, 0.00, 0.00,0.00, 0.00, 0.00,0.00, 0.00, 0.00,0,0,0,0
0,3_9,19_53_7,0.7802039,1,0,0,0,0.7036227,-0.70, 0.30,0.28, 1.87, 0.69,0.00, 0.00, 1.00,0.00, 0.00, 0.00,0.00, 0.00, 0.00,0.00, 0.00, 0.00,0.00, 0.00, 0.00,0,0,0,0
0,3_9,19_53_7,0.785683,1,0,0,0,0.7091018,-0.72, 0.30,0.28, 1.87, 0.69,0.00, 0.00, 1.00,0.00, 0.00, 0.00,0.00, 0.00, 0.00,0.00, 0.00, 0.00,0.00, 0.00, 0.00,0,0,0,0
0,3_9,19_53_7,0.7908084,1,0,0,0,0.7142272,-0.74, 0.30,0.28, 1.87, 0.69,0.00, 0.00, 1.00,0.00, 0.00, 0.00,0.00, 0.00, 0.00,0.00, 0.00, 0.00,0.00, 0.00, 0.00,0,0,0,0
0,3_9,19_53_7,0.795667,1,0,0,0,0.7190858,-0.76, 0.30,0.29, 1.87, 0.69,0.00, 0.00, 1.00,0.00, 0.00, 0.00,0.00, 0.00, 0.00,0.00, 0.00, 0.00,0.00, 0.00, 0.00,0,0,0,0
0,3_9,19_53_7,0.8006727,1,0,0,0,0.7240915,-0.77, 0.30,0.29, 1.87, 0.69,0.00, 0.00, 1.00,0.00, 0.00, 0.00,0.00, 0.00, 0.00,0.00, 0.00, 0.00,0.00, 0.00, 0.00,0,0,0,0
0,3_9,19_53_7,0.8061709,1,0,0,0,0.7295897,-0.79, 0.30,0.29, 1.86, 0.69,0.00, 0.00, 1.00,0.00, 0.00, 0.00,0.00, 0.00, 0.00,0.00, 0.00, 0.00,0.00, 0.00, 0.00,0,0,0,0
0,3_9,19_53_7,0.8107546,1,0,0,0,0.7341734,-0.80, 0.30,0.30, 1.86, 0.69,0.00, 0.00, 1.00,0.00, 0.00, 0.00,0.00, 0.00, 0.00,0.00, 0.00, 0.00,0.00, 0.00, 0.00,0,0,0,0
0,3_9,19_53_7,0.8150119,1,0,0,0,0.7384307,-0.81, 0.30,0.30, 1.86, 0.69,0.00, 0.00, 1.00,0.00, 0.00, 0.00,0.00, 0.00, 0.00,0.00, 0.00, 0.00,0.00, 0.00, 0.00,0,0,0,0
0,3_9,19_53_7,0.8196589,1,0,0,0,0.7430777,-0.83, 0.30,0.30, 1.86, 0.69,0.00, 0.00, 1.00,0.00, 0.00, 0.00,0.00, 0.00, 0.00,0.00, 0.00, 0.00,0.00, 0.00, 0.00,0,0,0,0
0,3_9,19_53_7,0.8242237,1,0,0,0,0.7476425,-0.84, 0.29,0.30, 1.86, 0.69,0.00, 0.00, 1.00,0.00, 0.00, 0.00,0.00, 0.00, 0.00,0.00, 0.00, 0.00,0.00, 0.00, 0.00,0,0,0,0
0,3_9,19_53_7,0.8289605,1,0,0,0,0.7523793,-0.85, 0.29,0.31, 1.86, 0.69,0.00, 0.00, 1.00,0.00, 0.00, 0.00,0.00, 0.00, 0.00,0.00, 0.00, 0.00,0.00, 0.00, 0.00,0,0,0,0
0,3_9,19_53_7,0.833846,1,0,0,0,0.7572648,-0.86, 0.29,0.31, 1.86, 0.69,0.00, 0.00, 1.00,0.00, 0.00, 0.00,0.00, 0.00, 0.00,0.00, 0.00, 0.00,0.00, 0.00, 0.00,0,0,0,0
0,3_9,19_53_7,0.8398117,1,0,0,0,0.7632305,-0.87, 0.28,0.31, 1.86, 0.69,0.00, 0.00, 1.00,0.00, 0.00, 0.00,0.00, 0.00, 0.00,0.00, 0.00, 0.00,0.00, 0.00, 0.00,0,0,0,0
0,3_9,19_53_7,0.8447147,1,0,0,0,0.7681335,-0.88, 0.27,0.31, 1.86, 0.68,0.00, 0.00, 1.00,0.00, 0.00, 0.00,0.00, 0.00, 0.00,0.00, 0.00, 0.00,0.00, 0.00, 0.00,0,0,0,0
0,3_9,19_53_7,0.8492803,1,0,0,0,0.7726991,-0.89, 0.27,0.32, 1.86, 0.68,0.00, 0.00, 1.00,0.00, 0.00, 0.00,0.00, 0.00, 0.00,0.00, 0.00, 0.00,0.00, 0.00, 0.00,0,0,0,0
0,3_9,19_53_7,0.8539797,1,0,0,0,0.7773985,-0.89, 0.26,0.32, 1.86, 0.68,0.00, 0.00, 1.00,0.00, 0.00, 0.00,0.00, 0.00, 0.00,0.00, 0.00, 0.00,0.00, 0.00, 0.00,0,0,0,0
0,3_9,19_53_7,0.858387,1,0,0,0,0.7818058,-0.90, 0.26,0.32, 1.86, 0.68,0.00, 0.00, 1.00,0.00, 0.00, 0.00,0.00, 0.00, 0.00,0.00, 0.00, 0.00,0.00, 0.00, 0.00,0,0,0,0
0,3_9,19_53_7,0.8630223,1,0,0,0,0.7864411,-0.90, 0.25,0.32, 1.86, 0.68,0.00, 0.00, 1.00,0.00, 0.00, 0.00,0.00, 0.00, 0.00,0.00, 0.00, 0.00,0.00, 0.00, 0.00,0,0,0,0
0,3_9,19_53_7,0.869072,1,0,0,0,0.7924908,-0.91, 0.24,0.33, 1.86, 0.68,0.00, 0.00, 1.00,0.00, 0.00, 0.00,0.00, 0.00, 0.00,0.00, 0.00, 0.00,0.00, 0.00, 0.00,0,0,0,0
0,3_9,19_53_7,0.8737694,1,0,0,0,0.7971882,-0.92, 0.23,0.33, 1.86, 0.68,0.00, 0.00, 1.00,0.00, 0.00, 0.00,0.00, 0.00, 0.00,0.00, 0.00, 0.00,0.00, 0.00, 0.00,0,0,0,0
0,3_9,19_53_7,0.878796,1,0,0,0,0.8022148,-0.93, 0.22,0.33, 1.86, 0.68,0.00, 0.00, 1.00,0.00, 0.00, 0.00,0.00, 0.00, 0.00,0.00, 0.00, 0.00,0.00, 0.00, 0.00,0,0,0,0
0,3_9,19_53_7,0.8838656,1,0,0,0,0.8072844,-0.93, 0.22,0.33, 1.86, 0.68,0.00, 0.00, 1.00,0.00, 0.00, 0.00,0.00, 0.00, 0.00,0.00, 0.00, 0.00,0.00, 0.00, 0.00,0,0,0,0
0,3_9,19_53_7,0.888328,1,0,0,0,0.8117468,-0.94, 0.21,0.33, 1.86, 0.68,0.00, 0.00, 1.00,0.00, 0.00, 0.00,0.00, 0.00, 0.00,0.00, 0.00, 0.00,0.00, 0.00, 0.00,0,0,0,0
0,3_9,19_53_7,0.8929697,1,0,0,0,0.8163885,-0.94, 0.20,0.34, 1.86, 0.68,0.00, 0.00, 1.00,0.00, 0.00, 0.00,0.00, 0.00, 0.00,0.00, 0.00, 0.00,0.00, 0.00, 0.00,0,0,0,0
0,3_9,19_53_7,0.8979154,1,0,0,0,0.8213342,-0.95, 0.20,0.34, 1.86, 0.68,0.00, 0.00, 1.00,0.00, 0.00, 0.00,0.00, 0.00, 0.00,0.00, 0.00, 0.00,0.00, 0.00, 0.00,0,0,0,0
0,3_9,19_53_7,0.9023444,1,0,0,0,0.8257632,-0.95, 0.19,0.34, 1.85, 0.68,0.00, 0.00, 1.00,0.00, 0.00, 0.00,0.00, 0.00, 0.00,0.00, 0.00, 0.00,0.00, 0.00, 0.00,0,0,0,0
0,3_9,19_53_7,0.910036,1,0,0,0,0.8334548,-0.97, 0.18,0.34, 1.85, 0.68,0.00, 0.00, 1.00,0.00, 0.00, 0.00,0.00, 0.00, 0.00,0.00, 0.00, 0.00,0.00, 0.00, 0.00,0,0,0,0
0,3_9,19_53_7,0.916022,1,0,0,0,0.8394408,-0.98, 0.17,0.35, 1.85, 0.67,0.00, 0.00, 1.00,0.00, 0.00, 0.00,0.00, 0.00, 0.00,0.00, 0.00, 0.00,0.00, 0.00, 0.00,0,0,0,0
0,3_9,19_53_7,0.921008,1,0,0,0,0.8444268,-0.98, 0.16,0.35, 1.85, 0.67,0.00, 0.00, 1.00,0.00, 0.00, 0.00,0.00, 0.00, 0.00,0.00, 0.00, 0.00,0.00, 0.00, 0.00,0,0,0,0
0,3_9,19_53_7,0.9261833,1,0,0,0,0.8496021,-0.99, 0.16,0.35, 1.85, 0.67,0.00, 0.00, 1.00,0.00, 0.00, 0.00,0.00, 0.00, 0.00,0.00, 0.00, 0.00,0.00, 0.00, 0.00,0,0,0,0
0,3_9,19_53_7,0.9318487,1,0,0,0,0.8552675,-1.00, 0.15,0.35, 1.85, 0.67,0.00, 0.00, 1.00,0.00, 0.00, 0.00,0.00, 0.00, 0.00,0.00, 0.00, 0.00,0.00, 0.00, 0.00,0,0,0,0
0,3_9,19_53_7,0.936208,1,0,0,0,0.8596268,-1.01, 0.14,0.35, 1.85, 0.67,0.00, 0.00, 1.00,0.00, 0.00, 0.00,0.00, 0.00, 0.00,0.00, 0.00, 0.00,0.00, 0.00, 0.00,0,0,0,0
0,3_9,19_53_7,0.9414066,1,0,0,0,0.8648254,-1.02, 0.14,0.36, 1.85, 0.67,0.00, 0.00, 1.00,0.00, 0.00, 0.00,0.00, 0.00, 0.00,0.00, 0.00, 0.00,0.00, 0.00, 0.00,0,0,0,0
0,3_9,19_53_7,0.946338,1,0,0,0,0.8697568,-1.03, 0.13,0.36, 1.85, 0.67,0.00, 0.00, 1.00,0.00, 0.00, 0.00,0.00, 0.00, 0.00,0.00, 0.00, 0.00,0.00, 0.00, 0.00,0,0,0,0
0,3_9,19_53_7,0.9519393,1,0,0,0,0.8753581,-1.05, 0.12,0.36, 1.85, 0.67,0.00, 0.00, 1.00,0.00, 0.00, 0.00,0.00, 0.00, 0.00,0.00, 0.00, 0.00,0.00, 0.00, 0.00,0,0,0,0
0,3_9,19_53_7,0.9573014,1,0,0,0,0.8807202,-1.07, 0.11,0.37, 1.85, 0.67,0.00, 0.00, 1.00,0.00, 0.00, 0.00,0.00, 0.00, 0.00,0.00, 0.00, 0.00,0.00, 0.00, 0.00,0,0,0,0
0,3_9,19_53_7,0.9621621,1,0,0,0,0.8855809,-1.08, 0.10,0.37, 1.85, 0.67,0.00, 0.00, 1.00,0.00, 0.00, 0.00,0.00, 0.00, 0.00,0.00, 0.00, 0.00,0.00, 0.00, 0.00,0,0,0,0
0,3_9,19_53_7,0.966876,1,0,0,0,0.8902948,-1.10, 0.10,0.37, 1.85, 0.67,0.00, 0.00, 1.00,0.00, 0.00, 0.00,0.00, 0.00, 0.00,0.00, 0.00, 0.00,0.00, 0.00, 0.00,0,0,0,0
0,3_9,19_53_7,0.9710576,1,0,0,0,0.8944764,-1.11, 0.09,0.38, 1.85, 0.67,0.00, 0.00, 1.00,0.00, 0.00, 0.00,0.00, 0.00, 0.00,0.00, 0.00, 0.00,0.00, 0.00, 0.00,0,0,0,0
0,3_9,19_53_7,0.975498,1,0,0,0,0.8989168,-1.12, 0.09,0.38, 1.85, 0.66,0.00, 0.00, 1.00,0.00, 0.00, 0.00,0.00, 0.00, 0.00,0.00, 0.00, 0.00,0.00, 0.00, 0.00,0,0,0,0
0,3_9,19_53_7,0.9798413,1,0,0,0,0.9032601,-1.13, 0.08,0.38, 1.84, 0.66,0.00, 0.00, 1.00,0.00, 0.00, 0.00,0.00, 0.00, 0.00,0.00, 0.00, 0.00,0.00, 0.00, 0.00,0,0,0,0
0,3_9,19_53_7,0.9850788,1,0,0,0,0.9084976,-1.15, 0.07,0.38, 1.84, 0.66,0.00, 0.00, 1.00,0.00, 0.00, 0.00,0.00, 0.00, 0.00,0.00, 0.00, 0.00,0.00, 0.00, 0.00,0,0,0,0
0,3_9,19_53_7,0.9898935,1,0,0,0,0.9133123,-1.17, 0.07,0.39, 1.84, 0.66,0.00, 0.00, 1.00,0.00, 0.00, 0.00,0.00, 0.00, 0.00,0.00, 0.00, 0.00,0.00, 0.00, 0.00,0,0,0,0
0,3_9,19_53_7,0.9947417,1,0,0,0,0.9181605,-1.19, 0.06,0.39, 1.84, 0.66,0.00, 0.00, 1.00,0.00, 0.00, 0.00,0.00, 0.00, 0.00,0.00, 0.00, 0.00,0.00, 0.00, 0.00,0,0,0,0
0,3_9,19_53_7,0.9990042,1,0,0,0,0.922423,0.01, 0.43,0.30, 2.32, -0.12,0.00, 0.00, 1.00,0.00, 0.00, 0.00,0.00, 0.00, 0.00,0.00, 0.00, 0.00,0.00, 0.00, 0.00,0,0,0,0
0,3_9,19_53_7,1.003392,1,0,0,0,0.9268109,0.01, 0.42,0.29, 2.32, -0.12,0.00, 0.00, 1.00,0.00, 0.00, 0.00,0.00, 0.00, 0.00,0.00, 0.00, 0.00,0.00, 0.00, 0.00,0,0,0,0
0,3_9,19_53_7,1.012348,1,0,0,0,0.9357668,0.01, 0.40,0.29, 2.32, -0.12,0.00, 0.00, 1.00,0.00, 0.00, 0.00,0.00, 0.00, 0.00,0.00, 0.00, 0.00,0.00, 0.00, 0.00,0,0,0,0
0,3_9,19_53_7,1.016929,1,0,0,0,0.940348,0.01, 0.39,0.29, 2.32, -0.12,0.00, 0.00, 1.00,0.00, 0.00, 0.00,0.00, 0.00, 0.00,0.00, 0.00, 0.00,0.00, 0.00, 0.00,0,0,0,0
0,3_9,19_53_7,1.021074,1,0,0,0,0.9444928,0.01, 0.38,0.28, 2.32, -0.12,0.00, 0.00, 1.00,0.00, 0.00, 0.00,0.00, 0.00, 0.00,0.00, 0.00, 0.00,0.00, 0.00, 0.00,0,0,0,0
0,3_9,19_53_7,1.026103,1,0,0,0,0.9495223,0.01, 0.37,0.28, 2.32, -0.12,0.00, 0.00, 1.00,0.00, 0.00, 0.00,0.00, 0.00, 0.00,0.00, 0.00, 0.00,0.00, 0.00, 0.00,0,0,0,0
0,3_9,19_53_7,1.030718,1,0,0,0,0.9541369,0.01, 0.35,0.28, 2.32, -0.12,0.00, 0.00, 1.00,0.00, 0.00, 0.00,0.00, 0.00, 0.00,0.00, 0.00, 0.00,0.00, 0.00, 0.00,0,0,0,0
0,3_9,19_53_7,1.034933,1,0,0,0,0.9583514,0.01, 0.34,0.28, 2.32, -0.12,0.00, 0.00, 1.00,0.00, 0.00, 0.00,0.00, 0.00, 0.00,0.00, 0.00, 0.00,0.00, 0.00, 0.00,0,0,0,0
0,3_9,19_53_7,1.03993,1,0,0,0,0.9633489,0.01, 0.33,0.28, 2.32, -0.12,0.00, 0.00, 1.00,0.00, 0.00, 0.00,0.00, 0.00, 0.00,0.00, 0.00, 0.00,0.00, 0.00, 0.00,0,0,0,0
0,3_9,19_53_7,1.04416,1,0,0,0,0.9675785,0.01, 0.32,0.27, 2.32, -0.12,0.00, 0.00, 1.00,0.00, 0.00, 0.00,0.00, 0.00, 0.00,0.00, 0.00, 0.00,0.00, 0.00, 0.00,0,0,0,0
0,3_9,19_53_7,1.04883,1,0,0,0,0.9722484,0.01, 0.31,0.27, 2.32, -0.12,0.00, 0.00, 1.00,0.00, 0.00, 0.00,0.00, 0.00, 0.00,0.00, 0.00, 0.00,0.00, 0.00, 0.00,0,0,0,0
0,3_9,19_53_7,1.05293,1,0,0,0,0.9763491,0.01, 0.30,0.27, 2.32, -0.12,0.00, 0.00, 1.00,0.00, 0.00, 0.00,0.00, 0.00, 0.00,0.00, 0.00, 0.00,0.00, 0.00, 0.00,0,0,0,0
0,3_9,19_53_7,1.057714,1,0,0,0,0.981133,0.01, 0.29,0.27, 2.33, -0.12,0.00, 0.00, 1.00,0.00, 0.00, 0.00,0.00, 0.00, 0.00,0.00, 0.00, 0.00,0.00, 0.00, 0.00,0,0,0,0
0,3_9,19_53_7,1.06221,1,0,0,0,0.9856284,0.01, 0.28,0.27, 2.33, -0.12,0.00, 0.00, 1.00,0.00, 0.00, 0.00,0.00, 0.00, 0.00,0.00, 0.00, 0.00,0.00, 0.00, 0.00,0,0,0,0
0,3_9,19_53_7,1.066993,1,0,0,0,0.9904115,0.00, 0.27,0.26, 2.33, -0.12,0.00, 0.00, 1.00,0.00, 0.00, 0.00,0.00, 0.00, 0.00,0.00, 0.00, 0.00,0.00, 0.00, 0.00,0,0,0,0
0,3_9,19_53_7,1.072239,1,0,0,0,0.9956581,0.00, 0.25,0.26, 2.33, -0.12,0.00, 0.00, 1.00,0.00, 0.00, 0.00,0.00, 0.00, 0.00,0.00, 0.00, 0.00,0.00, 0.00, 0.00,0,0,0,0
0,3_9,19_53_7,1.077066,1,0,0,0,1.000485,0.00, 0.24,0.26, 2.33, -0.12,0.00, 0.00, 1.00,0.00, 0.00, 0.00,0.00, 0.00, 0.00,0.00, 0.00, 0.00,0.00, 0.00, 0.00,0,0,0,0
0,3_9,19_53_7,1.081745,1,0,0,0,1.005164,0.00, 0.22,0.25, 2.33, -0.12,0.00, 0.00, 1.00,0.00, 0.00, 0.00,0.00, 0.00, 0.00,0.00, 0.00, 0.00,0.00, 0.00, 0.00,0,0,0,0
0,3_9,19_53_7,1.086048,1,0,0,0,1.009467,0.00, 0.21,0.25, 2.33, -0.12,0.00, 0.00, 1.00,0.00, 0.00, 0.00,0.00, 0.00, 0.00,0.00, 0.00, 0.00,0.00, 0.00, 0.00,0,0,0,0
0,3_9,19_53_7,1.090209,1,0,0,0,1.013628,0.00, 0.20,0.25, 2.33, -0.12,0.00, 0.00, 1.00,0.00, 0.00, 0.00,0.00, 0.00, 0.00,0.00, 0.00, 0.00,0.00, 0.00, 0.00,0,0,0,0
0,3_9,19_53_7,1.094893,1,0,0,0,1.018312,0.00, 0.19,0.25, 2.33, -0.12,0.00, 0.00, 1.00,0.00, 0.00, 0.00,0.00, 0.00, 0.00,0.00, 0.00, 0.00,0.00, 0.00, 0.00,0,0,0,0
0,3_9,19_53_7,1.099056,1,0,0,0,1.022474,-0.01, 0.18,0.25, 2.33, -0.12,0.00, 0.00, 1.00,0.00, 0.00, 0.00,0.00, 0.00, 0.00,0.00, 0.00, 0.00,0.00, 0.00, 0.00,0,0,0,0
0,3_9,19_53_7,1.104168,1,0,0,0,1.027587,-0.01, 0.16,0.24, 2.33, -0.12,0.00, 0.00, 1.00,0.00, 0.00, 0.00,0.00, 0.00, 0.00,0.00, 0.00, 0.00,0.00, 0.00, 0.00,0,0,0,0
0,3_9,19_53_7,1.10892,1,0,0,0,1.032339,-0.01, 0.15,0.24, 2.33, -0.12,0.00, 0.00, 1.00,0.00, 0.00, 0.00,0.00, 0.00, 0.00,0.00, 0.00, 0.00,0.00, 0.00, 0.00,0,0,0,0
0,3_9,19_53_7,1.113076,1,0,0,0,1.036495,-0.01, 0.14,0.24, 2.33, -0.12,0.00, 0.00, 1.00,0.00, 0.00, 0.00,0.00, 0.00, 0.00,0.00, 0.00, 0.00,0.00, 0.00, 0.00,0,0,0,0
0,3_9,19_53_7,1.117465,1,0,0,0,1.040884,-0.01, 0.12,0.23, 2.33, -0.12,0.00, 0.00, 1.00,0.00, 0.00, 0.00,0.00, 0.00, 0.00,0.00, 0.00, 0.00,0.00, 0.00, 0.00,0,0,0,0
0,3_9,19_53_7,1.124953,1,0,0,0,1.048372,-0.02, 0.09,0.23, 2.34, -0.12,0.00, 0.00, 1.00,0.00, 0.00, 0.00,0.00, 0.00, 0.00,0.00, 0.00, 0.00,0.00, 0.00, 0.00,0,0,0,0
0,3_9,19_53_7,1.129754,1,0,0,0,1.053173,-0.02, 0.08,0.22, 2.34, -0.12,0.00, 0.00, 1.00,0.00, 0.00, 0.00,0.00, 0.00, 0.00,0.00, 0.00, 0.00,0.00, 0.00, 0.00,0,0,0,0
0,3_9,19_53_7,1.134764,1,0,0,0,1.058182,-0.03, 0.06,0.22, 2.34, -0.12,0.00, 0.00, 1.00,0.00, 0.00, 0.00,0.00, 0.00, 0.00,0.00, 0.00, 0.00,0.00, 0.00, 0.00,0,0,0,0
0,3_9,19_53_7,1.139091,1,0,0,0,1.06251,-0.03, 0.05,0.22, 2.34, -0.12,0.00, 0.00, 1.00,0.00, 0.00, 0.00,0.00, 0.00, 0.00,0.00, 0.00, 0.00,0.00, 0.00, 0.00,0,0,0,0
0,3_9,19_53_7,1.143774,1,0,0,0,1.067193,-0.03, 0.03,0.22, 2.34, -0.12,0.00, 0.00, 1.00,0.00, 0.00, 0.00,0.00, 0.00, 0.00,0.00, 0.00, 0.00,0.00, 0.00, 0.00,0,0,0,0
0,3_9,19_53_7,1.14813,1,0,0,0,1.071549,-0.03, 0.02,0.21, 2.34, -0.12,0.00, 0.00, 1.00,0.00, 0.00, 0.00,0.00, 0.00, 0.00,0.00, 0.00, 0.00,0.00, 0.00, 0.00,0,0,0,0
0,3_9,19_53_7,1.153109,1,0,0,0,1.076528,-0.04, 0.01,0.21, 2.34, -0.12,0.00, 0.00, 1.00,0.00, 0.00, 0.00,0.00, 0.00, 0.00,0.00, 0.00, 0.00,0.00, 0.00, 0.00,0,0,0,0
0,3_9,19_53_7,1.158006,1,0,0,0,1.081425,-0.04, 0.00,0.21, 2.34, -0.12,0.00, 0.00, 1.00,0.00, 0.00, 0.00,0.00, 0.00, 0.00,0.00, 0.00, 0.00,0.00, 0.00, 0.00,0,0,0,0
0,3_9,19_53_7,1.162199,1,0,0,0,1.085617,-0.04, -0.01,0.21, 2.34, -0.12,0.00, 0.00, 1.00,0.00, 0.00, 0.00,0.00, 0.00, 0.00,0.00, 0.00, 0.00,0.00, 0.00, 0.00,0,0,0,0
0,3_9,19_53_7,1.1671,1,0,0,0,1.090519,-0.05, -0.02,0.20, 2.34, -0.12,0.00, 0.00, 1.00,0.00, 0.00, 0.00,0.00, 0.00, 0.00,0.00, 0.00, 0.00,0.00, 0.00, 0.00,0,0,0,0
0,3_9,19_53_7,1.170865,1,0,0,0,1.094284,-0.05, -0.03,0.20, 2.34, -0.12,0.00, 0.00, 1.00,0.00, 0.00, 0.00,0.00, 0.00, 0.00,0.00, 0.00, 0.00,0.00, 0.00, 0.00,0,0,0,0
0,3_9,19_53_7,1.174452,1,0,0,0,1.09787,-0.05, -0.04,0.20, 2.34, -0.12,0.00, 0.00, 1.00,0.00, 0.00, 0.00,0.00, 0.00, 0.00,0.00, 0.00, 0.00,0.00, 0.00, 0.00,0,0,0,0
0,3_9,19_53_7,1.178257,1,0,0,0,1.101676,-0.05, -0.05,0.20, 2.34, -0.12,0.00, 0.00, 1.00,0.00, 0.00, 0.00,0.00, 0.00, 0.00,0.00, 0.00, 0.00,0.00, 0.00, 0.00,0,0,0,0
0,3_9,19_53_8,1.182233,1,0,0,0,1.105652,-0.05, -0.06,0.20, 2.34, -0.12,0.00, 0.00, 1.00,0.00, 0.00, 0.00,0.00, 0.00, 0.00,0.00, 0.00, 0.00,0.00, 0.00, 0.00,0,0,0,0
0,3_9,19_53_8,1.186088,1,0,0,0,1.109506,-0.05, -0.06,0.19, 2.34, -0.12,0.00, 0.00, 1.00,0.00, 0.00, 0.00,0.00, 0.00, 0.00,0.00, 0.00, 0.00,0.00, 0.00, 0.00,0,0,0,0
0,3_9,19_53_8,1.189805,1,0,0,0,1.113223,-0.06, -0.07,0.19, 2.34, -0.12,0.00, 0.00, 1.00,0.00, 0.00, 0.00,0.00, 0.00, 0.00,0.00, 0.00, 0.00,0.00, 0.00, 0.00,0,0,0,0
0,3_9,19_53_8,1.193726,1,0,0,0,1.117144,-0.06, -0.08,0.19, 2.34, -0.12,0.00, 0.00, 1.00,0.00, 0.00, 0.00,0.00, 0.00, 0.00,0.00, 0.00, 0.00,0.00, 0.00, 0.00,0,0,0,0
0,3_9,19_53_8,1.199073,1,0,0,0,1.122492,-0.06, -0.09,0.19, 2.34, -0.12,0.00, 0.00, 1.00,0.00, 0.00, 0.00,0.00, 0.00, 0.00,0.00, 0.00, 0.00,0.00, 0.00, 0.00,0,0,0,0
0,3_9,19_53_8,1.202795,1,0,0,0,1.126213,-0.06, -0.10,0.18, 2.34, -0.12,0.00, 0.00, 1.00,0.00, 0.00, 0.00,0.00, 0.00, 0.00,0.00, 0.00, 0.00,0.00, 0.00, 0.00,0,0,0,0
0,3_9,19_53_8,1.207631,1,0,0,0,1.13105,-0.07, -0.12,0.18, 2.34, -0.12,0.00, 0.00, 1.00,0.00, 0.00, 0.00,0.00, 0.00, 0.00,0.00, 0.00, 0.00,0.00, 0.00, 0.00,0,0,0,0
0,3_9,19_53_8,1.211662,1,0,0,0,1.135081,-0.07, -0.13,0.18, 2.35, -0.12,0.00, 0.00, 1.00,0.00, 0.00, 0.00,0.00, 0.00, 0.00,0.00, 0.00, 0.00,0.00, 0.00, 0.00,0,0,0,0
0,3_9,19_53_8,1.215748,1,0,0,0,1.139167,-0.07, -0.14,0.18, 2.35, -0.12,0.00, 0.00, 1.00,0.00, 0.00, 0.00,0.00, 0.00, 0.00,0.00, 0.00, 0.00,0.00, 0.00, 0.00,0,0,0,0
0,3_9,19_53_8,1.219662,1,0,0,0,1.14308,-0.07, -0.15,0.17, 2.35, -0.12,0.00, 0.00, 1.00,0.00, 0.00, 0.00,0.00, 0.00, 0.00,0.00, 0.00, 0.00,0.00, 0.00, 0.00,0,0,0,0
0,3_9,19_53_8,1.223611,1,0,0,0,1.14703,-0.08, -0.16,0.17, 2.35, -0.12,0.00, 0.00, 1.00,0.00, 0.00, 0.00,0.00, 0.00, 0.00,0.00, 0.00, 0.00,0.00, 0.00, 0.00,0,0,0,0
0,3_9,19_53_8,1.228061,1,0,0,0,1.15148,-0.08, -0.18,0.17, 2.35, -0.12,0.00, 0.00, 1.00,0.00, 0.00, 0.00,0.00, 0.00, 0.00,0.00, 0.00, 0.00,0.00, 0.00, 0.00,0,0,0,0
0,3_9,19_53_8,1.232076,1,0,0,0,1.155495,-0.09, -0.19,0.17, 2.35, -0.12,0.00, 0.00, 1.00,0.00, 0.00, 0.00,0.00, 0.00, 0.00,0.00, 0.00, 0.00,0.00, 0.00, 0.00,0,0,0,0
0,3_9,19_53_8,1.235888,1,0,0,0,1.159307,-0.09, -0.21,0.16, 2.35, -0.12,0.00, 0.00, 1.00,0.00, 0.00, 0.00,0.00, 0.00, 0.00,0.00, 0.00, 0.00,0.00, 0.00, 0.00,0,0,0,0
0,3_9,19_53_8,1.239798,1,0,0,0,1.163217,-0.09, -0.23,0.16, 2.35, -0.12,0.00, 0.00, 1.00,0.00, 0.00, 0.00,0.00, 0.00, 0.00,0.00, 0.00, 0.00,0.00, 0.00, 0.00,0,0,0,0
0,3_9,19_53_8,1.243616,1,0,0,0,1.167034,-0.10, -0.24,0.16, 2.35, -0.12,0.00, 0.00, 1.00,0.00, 0.00, 0.00,0.00, 0.00, 0.00,0.00, 0.00, 0.00,0.00, 0.00, 0.00,0,0,0,0
0,3_9,19_53_8,1.248525,1,0,0,0,1.171944,-0.11, -0.27,0.15, 2.35, -0.12,0.00, 0.00, 1.00,0.00, 0.00, 0.00,0.00, 0.00, 0.00,0.00, 0.00, 0.00,0.00, 0.00, 0.00,0,0,0,0
0,3_9,19_53_8,1.252602,1,0,0,0,1.176021,-0.11, -0.29,0.15, 2.35, -0.12,0.00, 0.00, 1.00,0.00, 0.00, 0.00,0.00, 0.00, 0.00,0.00, 0.00, 0.00,0.00, 0.00, 0.00,0,0,0,0
0,3_9,19_53_8,1.256705,1,0,0,0,1.180124,-0.12, -0.31,0.15, 2.35, -0.12,0.00, 0.00, 1.00,0.00, 0.00, 0.00,0.00, 0.00, 0.00,0.00, 0.00, 0.00,0.00, 0.00, 0.00,0,0,0,0
0,3_9,19_53_8,1.260971,1,0,0,0,1.18439,-0.13, -0.33,0.14, 2.35, -0.12,0.00, 0.00, 1.00,0.00, 0.00, 0.00,0.00, 0.00, 0.00,0.00, 0.00, 0.00,0.00, 0.00, 0.00,0,0,0,0
0,3_9,19_53_8,1.265412,1,0,0,0,1.188831,-0.14, -0.36,0.14, 2.35, -0.12,0.00, 0.00, 1.00,0.00, 0.00, 0.00,0.00, 0.00, 0.00,0.00, 0.00, 0.00,0.00, 0.00, 0.00,0,0,0,0
0,3_9,19_53_8,1.269489,1,0,0,0,1.192908,-0.14, -0.39,0.14, 2.35, -0.12,0.00, 0.00, 1.00,0.00, 0.00, 0.00,0.00, 0.00, 0.00,0.00, 0.00, 0.00,0.00, 0.00, 0.00,0,0,0,0
0,3_9,19_53_8,1.273901,1,0,0,0,1.19732,-0.15, -0.41,0.13, 2.35, -0.12,0.00, 0.00, 1.00,0.00, 0.00, 0.00,0.00, 0.00, 0.00,0.00, 0.00, 0.00,0.00, 0.00, 0.00,0,0,0,0
0,3_9,19_53_8,1.278219,1,0,0,0,1.201637,-0.16, -0.44,0.13, 2.35, -0.12,0.00, 0.00, 1.00,0.00, 0.00, 0.00,0.00, 0.00, 0.00,0.00, 0.00, 0.00,0.00, 0.00, 0.00,0,0,0,0
0,3_9,19_53_8,1.282555,1,0,0,0,1.205974,-0.17, -0.47,0.13, 2.35, -0.12,0.00, 0.00, 1.00,0.00, 0.00, 0.00,0.00, 0.00, 0.00,0.00, 0.00, 0.00,0.00, 0.00, 0.00,0,0,0,0
0,3_9,19_53_8,1.287058,1,0,0,0,1.210477,-0.18, -0.50,0.12, 2.35, -0.12,0.00, 0.00, 1.00,0.00, 0.00, 0.00,0.00, 0.00, 0.00,0.00, 0.00, 0.00,0.00, 0.00, 0.00,0,0,0,0
0,3_9,19_53_8,1.294192,1,0,0,0,1.21761,-0.21, -0.58,0.11, 2.36, -0.12,0.00, 0.00, 1.00,0.00, 0.00, 0.00,0.00, 0.00, 0.00,0.00, 0.00, 0.00,0.00, 0.00, 0.00,0,0,0,0
0,3_9,19_53_8,1.29881,1,0,0,0,1.222228,-0.23, -0.62,0.11, 2.36, -0.12,0.00, 0.00, 1.00,0.00, 0.00, 0.00,0.00, 0.00, 0.00,0.00, 0.00, 0.00,0.00, 0.00, 0.00,0,0,0,0
0,3_9,19_53_8,1.303198,1,0,0,0,1.226617,-0.24, -0.65,0.11, 2.36, -0.12,0.00, 0.00, 1.00,0.00, 0.00, 0.00,0.00, 0.00, 0.00,0.00, 0.00, 0.00,0.00, 0.00, 0.00,0,0,0,0
0,3_9,19_53_8,1.308456,1,0,0,0,1.231875,-0.26, -0.71,0.10, 2.36, -0.12,0.00, 0.00, 1.00,0.00, 0.00, 0.00,0.00, 0.00, 0.00,0.00, 0.00, 0.00,0.00, 0.00, 0.00,0,0,0,0
0,3_9,19_53_8,1.312786,1,0,0,0,1.236205,-0.27, -0.74,0.10, 2.36, -0.12,0.00, 0.00, 1.00,0.00, 0.00, 0.00,0.00, 0.00, 0.00,0.00, 0.00, 0.00,0.00, 0.00, 0.00,0,0,0,0
0,3_9,19_53_8,1.317597,1,0,0,0,1.241015,-0.29, -0.79,0.09, 2.36, -0.12,0.00, 0.00, 1.00,0.00, 0.00, 0.00,0.00, 0.00, 0.00,0.00, 0.00, 0.00,0.00, 0.00, 0.00,0,0,0,0
0,3_9,19_53_8,1.322189,1,0,0,0,1.245607,-0.30, -0.83,0.09, 2.36, -0.12,0.00, 0.00, 1.00,0.00, 0.00, 0.00,0.00, 0.00, 0.00,0.00, 0.00, 0.00,0.00, 0.00, 0.00,0,0,0,0
0,3_9,19_53_8,1.326751,1,0,0,0,1.25017,-0.32, -0.87,0.08, 2.36, -0.12,0.00, 0.00, 1.00,0.00, 0.00, 0.00,0.00, 0.00, 0.00,0.00, 0.00, 0.00,0.00, 0.00, 0.00,0,0,0,0
0,3_9,19_53_8,1.331337,1,0,0,0,1.254756,-0.33, -0.91,0.08, 2.36, -0.12,0.00, 0.00, 1.00,0.00, 0.00, 0.00,0.00, 0.00, 0.00,0.00, 0.00, 0.00,0.00, 0.00, 0.00,0,0,0,0
0,3_9,19_53_8,1.336335,1,0,0,0,1.259754,-0.35, -0.96,0.08, 2.36, -0.12,0.00, 0.00, 1.00,0.00, 0.00, 0.00,0.00, 0.00, 0.00,0.00, 0.00, 0.00,0.00, 0.00, 0.00,0,0,0,0
0,3_9,19_53_8,1.341058,1,0,0,0,1.264477,-0.36, -0.99,0.07, 2.36, -0.12,0.00, 0.00, 1.00,0.00, 0.00, 0.00,0.00, 0.00, 0.00,0.00, 0.00, 0.00,0.00, 0.00, 0.00,0,0,0,0
0,3_9,19_53_8,1.345721,1,0,0,0,1.26914,-0.38, -1.03,0.07, 2.36, -0.12,0.00, 0.00, 1.00,0.00, 0.00, 0.00,0.00, 0.00, 0.00,0.00, 0.00, 0.00,0.00, 0.00, 0.00,0,0,0,0
0,3_9,19_53_8,1.350431,1,0,0,0,1.27385,-0.39, -1.06,0.07, 2.36, -0.12,0.00, 0.00, 1.00,0.00, 0.00, 0.00,0.00, 0.00, 0.00,0.00, 0.00, 0.00,0.00, 0.00, 0.00,0,0,0,0
0,3_9,19_53_8,1.354929,1,0,0,0,1.278348,-0.40, -1.09,0.07, 2.36, -0.12,0.00, 0.00, 1.00,0.00, 0.00, 0.00,0.00, 0.00, 0.00,0.00, 0.00, 0.00,0.00, 0.00, 0.00,0,0,0,0
0,3_9,19_53_8,1.359509,1,0,0,0,1.282928,-0.42, -1.13,0.06, 2.36, -0.12,0.00, 0.00, 1.00,0.00, 0.00, 0.00,0.00, 0.00, 0.00,0.00, 0.00, 0.00,0.00, 0.00, 0.00,0,0,0,0
0,3_9,19_53_8,1.364053,1,0,0,0,1.287471,-0.43, -1.15,0.06, 2.36, -0.12,0.00, 0.00, 1.00,0.00, 0.00, 0.00,0.00, 0.00, 0.00,0.00, 0.00, 0.00,0.00, 0.00, 0.00,0,0,0,0
0,3_9,19_53_8,1.368939,1,0,0,0,1.292358,-0.44, -1.19,0.06, 2.36, -0.12,0.00, 0.00, 1.00,0.00, 0.00, 0.00,0.00, 0.00, 0.00,0.00, 0.00, 0.00,0.00, 0.00, 0.00,0,0,0,0
0,3_9,19_53_8,1.373424,1,0,0,0,1.296843,-0.45, -1.22,0.06, 2.36, -0.12,0.00, 0.00, 1.00,0.00, 0.00, 0.00,0.00, 0.00, 0.00,0.00, 0.00, 0.00,0.00, 0.00, 0.00,0,0,0,0
0,3_9,19_53_8,1.377939,1,0,0,0,1.301358,-0.46, -1.24,0.05, 2.36, -0.12,0.00, 0.00, 1.00,0.00, 0.00, 0.00,0.00, 0.00, 0.00,0.00, 0.00, 0.00,0.00, 0.00, 0.00,0,0,0,0
0,3_9,19_53_8,1.382532,1,0,0,0,1.305951,-0.47, -1.27,0.05, 2.36, -0.12,0.00, 0.00, 1.00,0.00, 0.00, 0.00,0.00, 0.00, 0.00,0.00, 0.00, 0.00,0.00, 0.00, 0.00,0,0,0,0
0,3_9,19_53_8,1.387318,1,0,0,0,1.310737,-0.49, -1.30,0.05, 2.36, -0.12,0.00, 0.00, 1.00,0.00, 0.00, 0.00,0.00, 0.00, 0.00,0.00, 0.00, 0.00,0.00, 0.00, 0.00,0,0,0,0
0,3_9,19_53_8,1.391846,1,0,0,0,1.315265,-0.49, -1.31,0.05, 2.36, -0.12,0.00, 0.00, 1.00,0.00, 0.00, 0.00,0.00, 0.00, 0.00,0.00, 0.00, 0.00,0.00, 0.00, 0.00,0,0,0,0
0,3_9,19_53_8,1.396347,1,0,0,0,1.319766,-0.50, -1.33,0.05, 2.36, -0.12,0.00, 0.00, 1.00,0.00, 0.00, 0.00,0.00, 0.00, 0.00,0.00, 0.00, 0.00,0.00, 0.00, 0.00,0,0,0,0
0,3_9,19_53_8,1.400905,1,0,0,0,1.324324,-0.51, -1.35,0.05, 2.36, -0.12,0.00, 0.00, 1.00,0.00, 0.00, 0.00,0.00, 0.00, 0.00,0.00, 0.00, 0.00,0.00, 0.00, 0.00,0,0,0,0
0,3_9,19_53_8,1.40745,1,0,0,0,1.330869,-0.52, -1.39,0.05, 2.36, -0.12,0.00, 0.00, 1.00,0.00, 0.00, 0.00,0.00, 0.00, 0.00,0.00, 0.00, 0.00,0.00, 0.00, 0.00,0,0,0,0
0,3_9,19_53_8,1.412374,1,0,0,0,1.335792,-0.53, -1.40,0.05, 2.36, -0.12,0.00, 0.00, 1.00,0.00, 0.00, 0.00,0.00, 0.00, 0.00,0.00, 0.00, 0.00,0.00, 0.00, 0.00,0,0,0,0
0,3_9,19_53_8,1.416944,1,0,0,0,1.340363,-0.53, -1.41,0.04, 2.36, -0.12,0.00, 0.00, 1.00,0.00, 0.00, 0.00,0.00, 0.00, 0.00,0.00, 0.00, 0.00,0.00, 0.00, 0.00,0,0,0,0
0,3_9,19_53_8,1.421374,1,0,0,0,1.344793,-0.54, -1.42,0.04, 2.36, -0.12,0.00, 0.00, 1.00,0.00, 0.00, 0.00,0.00, 0.00, 0.00,0.00, 0.00, 0.00,0.00, 0.00, 0.00,0,0,0,0
0,3_9,19_53_8,1.425906,1,0,0,0,1.349325,-0.54, -1.42,0.04, 2.36, -0.12,0.00, 0.00, 1.00,0.00, 0.00, 0.00,0.00, 0.00, 0.00,0.00, 0.00, 0.00,0.00, 0.00, 0.00,0,0,0,0
0,3_9,19_53_8,1.430596,1,0,0,0,1.354015,-0.54, -1.42,0.04, 2.36, -0.12,0.00, 0.00, 1.00,0.00, 0.00, 0.00,0.00, 0.00, 0.00,0.00, 0.00, 0.00,0.00, 0.00, 0.00,0,0,0,0
0,3_9,19_53_8,1.43539,1,0,0,0,1.358809,-0.54, -1.42,0.04, 2.36, -0.12,0.00, 0.00, 1.00,0.00, 0.00, 0.00,0.00, 0.00, 0.00,0.00, 0.00, 0.00,0.00, 0.00, 0.00,0,0,0,0
0,3_9,19_53_8,1.439806,1,0,0,0,1.363225,-0.54, -1.42,0.04, 2.36, -0.12,0.00, 0.00, 1.00,0.00, 0.00, 0.00,0.00, 0.00, 0.00,0.00, 0.00, 0.00,0.00, 0.00, 0.00,0,0,0,0
0,3_9,19_53_8,1.44411,1,0,0,0,1.367529,-0.54, -1.42,0.04, 2.36, -0.12,0.00, 0.00, 1.00,0.00, 0.00, 0.00,0.00, 0.00, 0.00,0.00, 0.00, 0.00,0.00, 0.00, 0.00,0,0,0,0
0,3_9,19_53_8,1.448779,1,0,0,0,1.372197,-0.54, -1.42,0.04, 2.36, -0.12,0.00, 0.00, 1.00,0.00, 0.00, 0.00,0.00, 0.00, 0.00,0.00, 0.00, 0.00,0.00, 0.00, 0.00,0,0,0,0
0,3_9,19_53_8,1.45664,1,0,0,0,1.380059,-0.54, -1.42,0.04, 2.36, -0.12,0.00, 0.00, 1.00,0.00, 0.00, 0.00,0.00, 0.00, 0.00,0.00, 0.00, 0.00,0.00, 0.00, 0.00,0,0,0,0
0,3_9,19_53_8,1.461288,1,0,0,0,1.384707,-0.54, -1.42,0.04, 2.36, -0.12,0.00, 0.00, 1.00,0.00, 0.00, 0.00,0.00, 0.00, 0.00,0.00, 0.00, 0.00,0.00, 0.00, 0.00,0,0,0,0
0,3_9,19_53_8,1.465836,1,0,0,0,1.389255,-0.54, -1.42,0.04, 2.36, -0.12,0.00, 0.00, 1.00,0.00, 0.00, 0.00,0.00, 0.00, 0.00,0.00, 0.00, 0.00,0.00, 0.00, 0.00,0,0,0,0
0,3_9,19_53_8,1.470296,1,0,0,0,1.393714,-0.54, -1.42,0.04, 2.36, -0.12,0.00, 0.00, 1.00,0.00, 0.00, 0.00,0.00, 0.00, 0.00,0.00, 0.00, 0.00,0.00, 0.00, 0.00,0,0,0,0
0,3_9,19_53_8,1.474926,1,0,0,0,1.398345,-0.54, -1.42,0.04, 2.36, -0.12,0.00, 0.00, 1.00,0.00, 0.00, 0.00,0.00, 0.00, 0.00,0.00, 0.00, 0.00,0.00, 0.00, 0.00,0,0,0,0
0,3_9,19_53_8,1.479705,1,0,0,0,1.403124,-0.54, -1.42,0.04, 2.36, -0.12,0.00, 0.00, 1.00,0.00, 0.00, 0.00,0.00, 0.00, 0.00,0.00, 0.00, 0.00,0.00, 0.00, 0.00,0,0,0,0
0,3_9,19_53_8,1.484276,1,0,0,0,1.407695,-0.54, -1.42,0.04, 2.36, -0.12,0.00, 0.00, 1.00,0.00, 0.00, 0.00,0.00, 0.00, 0.00,0.00, 0.00, 0.00,0.00, 0.00, 0.00,0,0,0,0
0,3_9,19_53_8,1.488932,1,0,0,0,1.41235,-0.54, -1.42,0.04, 2.36, -0.12,0.00, 0.00, 1.00,0.00, 0.00, 0.00,0.00, 0.00, 0.00,0.00, 0.00, 0.00,0.00, 0.00, 0.00,0,0,0,0
0,3_9,19_53_8,1.493388,1,0,0,0,1.416806,-0.54, -1.42,0.04, 2.36, -0.12,0.00, 0.00, 1.00,0.00, 0.00, 0.00,0.00, 0.00, 0.00,0.00, 0.00, 0.00,0.00, 0.00, 0.00,0,0,0,0
0,3_9,19_53_8,1.49821,1,0,0,0,1.421628,-0.54, -1.42,0.04, 2.36, -0.12,0.00, 0.00, 1.00,0.00, 0.00, 0.00,0.00, 0.00, 0.00,0.00, 0.00, 0.00,0.00, 0.00, 0.00,0,0,0,0
0,3_9,19_53_8,1.503404,1,0,0,0,1.426822,-0.54, -1.42,0.04, 2.36, -0.12,0.00, 0.00, 1.00,0.00, 0.00, 0.00,0.00, 0.00, 0.00,0.00, 0.00, 0.00,0.00, 0.00, 0.00,0,0,0,0
0,3_9,19_53_8,1.508461,1,0,0,0,1.43188,-0.54, -1.42,0.04, 2.36, -0.12,0.00, 0.00, 1.00,0.00, 0.00, 0.00,0.00, 0.00, 0.00,0.00, 0.00, 0.00,0.00, 0.00, 0.00,0,0,0,0
0,3_9,19_53_8,1.512856,1,0,0,0,1.436275,-0.54, -1.42,0.04, 2.36, -0.12,0.00, 0.00, 1.00,0.00, 0.00, 0.00,0.00, 0.00, 0.00,0.00, 0.00, 0.00,0.00, 0.00, 0.00,0,0,0,0
0,3_9,19_53_8,1.517345,1,0,0,0,1.440764,-0.54, -1.42,0.04, 2.36, -0.12,0.00, 0.00, 1.00,0.00, 0.00, 0.00,0.00, 0.00, 0.00,0.00, 0.00, 0.00,0.00, 0.00, 0.00,0,0,0,0
0,3_9,19_53_8,1.521876,1,0,0,0,1.445294,-0.54, -1.42,0.04, 2.36, -0.12,0.00, 0.00, 1.00,0.00, 0.00, 0.00,0.00, 0.00, 0.00,0.00, 0.00, 0.00,0.00, 0.00, 0.00,0,0,0,0
0,3_9,19_53_8,1.526553,1,0,0,0,1.449972,-0.54, -1.42,0.04, 2.36, -0.12,0.00, 0.00, 1.00,0.00, 0.00, 0.00,0.00, 0.00, 0.00,0.00, 0.00, 0.00,0.00, 0.00, 0.00,0,0,0,0
0,3_9,19_53_8,1.530976,1,0,0,0,1.454394,-0.54, -1.42,0.04, 2.36, -0.12,0.00, 0.00, 1.00,0.00, 0.00, 0.00,0.00, 0.00, 0.00,0.00, 0.00, 0.00,0.00, 0.00, 0.00,0,0,0,0
0,3_9,19_53_8,1.535554,1,0,0,0,1.458973,-0.54, -1.42,0.04, 2.36, -0.12,0.00, 0.00, 1.00,0.00, 0.00, 0.00,0.00, 0.00, 0.00,0.00, 0.00, 0.00,0.00, 0.00, 0.00,0,0,0,0
0,3_9,19_53_8,1.540315,1,0,0,0,1.463734,-0.54, -1.42,0.04, 2.36, -0.12,0.00, 0.00, 1.00,0.00, 0.00, 0.00,0.00, 0.00, 0.00,0.00, 0.00, 0.00,0.00, 0.00, 0.00,0,0,0,0
0,3_9,19_53_8,1.544965,1,0,0,0,1.468384,-0.54, -1.42,0.04, 2.36, -0.12,0.00, 0.00, 1.00,0.00, 0.00, 0.00,0.00, 0.00, 0.00,0.00, 0.00, 0.00,0.00, 0.00, 0.00,0,0,0,0
0,3_9,19_53_8,1.549492,1,0,0,0,1.47291,-0.54, -1.42,0.04, 2.36, -0.12,0.00, 0.00, 1.00,0.00, 0.00, 0.00,0.00, 0.00, 0.00,0.00, 0.00, 0.00,0.00, 0.00, 0.00,0,0,0,0
0,3_9,19_53_8,1.554628,1,0,0,0,1.478047,-0.54, -1.42,0.04, 2.36, -0.12,0.00, 0.00, 1.00,0.00, 0.00, 0.00,0.00, 0.00, 0.00,0.00, 0.00, 0.00,0.00, 0.00, 0.00,0,0,0,0
0,3_9,19_53_8,1.559033,1,0,0,0,1.482452,-0.54, -1.42,0.04, 2.36, -0.12,0.00, 0.00, 1.00,0.00, 0.00, 0.00,0.00, 0.00, 0.00,0.00, 0.00, 0.00,0.00, 0.00, 0.00,0,0,0,0
0,3_9,19_53_8,1.56385,1,0,0,0,1.487269,-0.54, -1.42,0.04, 2.36, -0.12,0.00, 0.00, 1.00,0.00, 0.00, 0.00,0.00, 0.00, 0.00,0.00, 0.00, 0.00,0.00, 0.00, 0.00,0,0,0,0
0,3_9,19_53_8,1.56861,1,0,0,0,1.492029,-0.54, -1.42,0.04, 2.36, -0.12,0.00, 0.00, 1.00,0.00, 0.00, 0.00,0.00, 0.00, 0.00,0.00, 0.00, 0.00,0.00, 0.00, 0.00,0,0,0,0
0,3_9,19_53_8,1.573187,1,0,0,0,1.496605,-0.54, -1.42,0.04, 2.36, -0.12,0.00, 0.00, 1.00,0.00, 0.00, 0.00,0.00, 0.00, 0.00,0.00, 0.00, 0.00,0.00, 0.00, 0.00,0,0,0,0
0,3_9,19_53_8,1.57766,1,0,0,0,1.501079,-0.54, -1.42,0.04, 2.36, -0.12,0.00, 0.00, 1.00,0.00, 0.00, 0.00,0.00, 0.00, 0.00,0.00, 0.00, 0.00,0.00, 0.00, 0.00,0,0,0,0
0,3_9,19_53_8,1.58224,1,0,0,0,1.505659,-0.54, -1.42,0.04, 2.36, -0.12,0.00, 0.00, 1.00,0.00, 0.00, 0.00,0.00, 0.00, 0.00,0.00, 0.00, 0.00,0.00, 0.00, 0.00,0,0,0,0
0,3_9,19_53_8,1.586919,1,0,0,0,1.510338,-0.54, -1.42,0.04, 2.36, -0.12,0.00, 0.00, 1.00,0.00, 0.00, 0.00,0.00, 0.00, 0.00,0.00, 0.00, 0.00,0.00, 0.00, 0.00,0,0,0,0
0,3_9,19_53_8,1.592428,1,0,0,0,1.515847,-0.54, -1.42,0.04, 2.36, -0.12,0.00, 0.00, 1.00,0.00, 0.00, 0.00,0.00, 0.00, 0.00,0.00, 0.00, 0.00,0.00, 0.00, 0.00,0,0,0,0
0,3_9,19_53_8,1.597059,1,0,0,0,1.520478,-0.54, -1.42,0.04, 2.36, -0.12,0.00, 0.00, 1.00,0.00, 0.00, 0.00,0.00, 0.00, 0.00,0.00, 0.00, 0.00,0.00, 0.00, 0.00,0,0,0,0
0,3_9,19_53_8,1.604456,1,0,0,0,1.527875,-0.54, -1.42,0.04, 2.36, -0.12,0.00, 0.00, 1.00,0.00, 0.00, 0.00,0.00, 0.00, 0.00,0.00, 0.00, 0.00,0.00, 0.00, 0.00,0,0,0,0
0,3_9,19_53_8,1.609429,1,0,0,0,1.532848,-0.54, -1.42,0.04, 2.36, -0.12,0.00, 0.00, 1.00,0.00, 0.00, 0.00,0.00, 0.00, 0.00,0.00, 0.00, 0.00,0.00, 0.00, 0.00,0,0,0,0
0,3_9,19_53_8,1.613919,1,0,0,0,1.537338,-0.54, -1.42,0.04, 2.36, -0.12,0.00, 0.00, 1.00,0.00, 0.00, 0.00,0.00, 0.00, 0.00,0.00, 0.00, 0.00,0.00, 0.00, 0.00,0,0,0,0
0,3_9,19_53_8,1.618472,1,0,0,0,1.541891,-0.54, -1.42,0.04, 2.36, -0.12,0.00, 0.00, 1.00,0.00, 0.00, 0.00,0.00, 0.00, 0.00,0.00, 0.00, 0.00,0.00, 0.00, 0.00,0,0,0,0
0,3_9,19_53_8,1.622923,1,0,0,0,1.546342,-0.54, -1.42,0.04, 2.36, -0.12,0.00, 0.00, 1.00,0.00, 0.00, 0.00,0.00, 0.00, 0.00,0.00, 0.00, 0.00,0.00, 0.00, 0.00,0,0,0,0
0,3_9,19_53_8,1.627989,1,0,0,0,1.551408,-0.54, -1.42,0.04, 2.36, -0.12,0.00, 0.00, 1.00,0.00, 0.00, 0.00,0.00, 0.00, 0.00,0.00, 0.00, 0.00,0.00, 0.00, 0.00,0,0,0,0
0,3_9,19_53_8,1.633255,1,0,0,0,1.556674,-0.54, -1.42,0.04, 2.36, -0.12,0.00, 0.00, 1.00,0.00, 0.00, 0.00,0.00, 0.00, 0.00,0.00, 0.00, 0.00,0.00, 0.00, 0.00,0,0,0,0
0,3_9,19_53_8,1.637675,1,0,0,0,1.561093,-0.54, -1.42,0.04, 2.36, -0.12,0.00, 0.00, 1.00,0.00, 0.00, 0.00,0.00, 0.00, 0.00,0.00, 0.00, 0.00,0.00, 0.00, 0.00,0,0,0,0
0,3_9,19_53_8,1.642171,1,0,0,0,1.56559,-0.54, -1.42,0.04, 2.36, -0.12,0.00, 0.00, 1.00,0.00, 0.00, 0.00,0.00, 0.00, 0.00,0.00, 0.00, 0.00,0.00, 0.00, 0.00,0,0,0,0
0,3_9,19_53_8,1.647173,1,0,0,0,1.570592,-0.54, -1.42,0.04, 2.36, -0.12,0.00, 0.00, 1.00,0.00, 0.00, 0.00,0.00, 0.00, 0.00,0.00, 0.00, 0.00,0.00, 0.00, 0.00,0,0,0,0
0,3_9,19_53_8,1.651712,1,0,0,0,1.57513,-0.54, -1.42,0.04, 2.36, -0.12,0.00, 0.00, 1.00,0.00, 0.00, 0.00,0.00, 0.00, 0.00,0.00, 0.00, 0.00,0.00, 0.00, 0.00,0,0,0,0
0,3_9,19_53_8,1.656253,1,0,0,0,1.579672,-0.54, -1.42,0.04, 2.36, -0.12,0.00, 0.00, 1.00,0.00, 0.00, 0.00,0.00, 0.00, 0.00,0.00, 0.00, 0.00,0.00, 0.00, 0.00,0,0,0,0
0,3_9,19_53_8,1.660776,1,0,0,0,1.584195,-0.54, -1.42,0.04, 2.36, -0.12,0.00, 0.00, 1.00,0.00, 0.00, 0.00,0.00, 0.00, 0.00,0.00, 0.00, 0.00,0.00, 0.00, 0.00,0,0,0,0
0,3_9,19_53_8,1.665397,1,0,0,0,1.588816,-0.54, -1.42,0.04, 2.36, -0.12,0.00, 0.00, 1.00,0.00, 0.00, 0.00,0.00, 0.00, 0.00,0.00, 0.00, 0.00,0.00, 0.00, 0.00,0,0,0,0
0,3_9,19_53_8,1.669935,1,0,0,0,1.593354,-0.54, -1.42,0.04, 2.36, -0.12,0.00, 0.00, 1.00,0.00, 0.00, 0.00,0.00, 0.00, 0.00,0.00, 0.00, 0.00,0.00, 0.00, 0.00,0,0,0,0
0,3_9,19_53_8,1.674424,1,0,0,0,1.597843,-0.54, -1.42,0.04, 2.36, -0.12,0.00, 0.00, 1.00,0.00, 0.00, 0.00,0.00, 0.00, 0.00,0.00, 0.00, 0.00,0.00, 0.00, 0.00,0,0,0,0
0,3_9,19_53_8,1.678959,1,0,0,0,1.602378,-0.54, -1.42,0.04, 2.36, -0.12,0.00, 0.00, 1.00,0.00, 0.00, 0.00,0.00, 0.00, 0.00,0.00, 0.00, 0.00,0.00, 0.00, 0.00,0,0,0,0
0,3_9,19_53_8,1.683371,1,0,0,0,1.606789,-0.54, -1.42,0.04, 2.36, -0.12,0.00, 0.00, 1.00,0.00, 0.00, 0.00,0.00, 0.00, 0.00,0.00, 0.00, 0.00,0.00, 0.00, 0.00,0,0,0,0
0,3_9,19_53_8,1.688007,1,0,0,0,1.611426,-0.54, -1.42,0.04, 2.36, -0.12,0.00, 0.00, 1.00,0.00, 0.00, 0.00,0.00, 0.00, 0.00,0.00, 0.00, 0.00,0.00, 0.00, 0.00,0,0,0,0
0,3_9,19_53_8,1.692782,1,0,0,0,1.616201,-0.54, -1.42,0.04, 2.36, -0.12,0.00, 0.00, 1.00,0.00, 0.00, 0.00,0.00, 0.00, 0.00,0.00, 0.00, 0.00,0.00, 0.00, 0.00,0,0,0,0
0,3_9,19_53_8,1.697416,1,0,0,0,1.620835,-0.54, -1.42,0.04, 2.36, -0.12,0.00, 0.00, 1.00,0.00, 0.00, 0.00,0.00, 0.00, 0.00,0.00, 0.00, 0.00,0.00, 0.00, 0.00,0,0,0,0
0,3_9,19_53_8,1.701924,1,0,0,0,1.625343,-0.53, -1.41,0.04, 2.36, -0.12,0.00, 0.00, 1.00,0.00, 0.00, 0.00,0.00, 0.00, 0.00,0.00, 0.00, 0.00,0.00, 0.00, 0.00,0,0,0,0
0,3_9,19_53_8,1.707053,1,0,0,0,1.630472,-0.53, -1.41,0.04, 2.36, -0.12,0.00, 0.00, 1.00,0.00, 0.00, 0.00,0.00, 0.00, 0.00,0.00, 0.00, 0.00,0.00, 0.00, 0.00,0,0,0,0
0,3_9,19_53_8,1.712752,1,0,0,0,1.636171,-0.53, -1.40,0.05, 2.36, -0.12,0.00, 0.00, 1.00,0.00, 0.00, 0.00,0.00, 0.00, 0.00,0.00, 0.00, 0.00,0.00, 0.00, 0.00,0,0,0,0
0,3_9,19_53_8,1.717934,1,0,0,0,1.641353,-0.53, -1.40,0.05, 2.36, -0.12,0.00, 0.00, 1.00,0.00, 0.00, 0.00,0.00, 0.00, 0.00,0.00, 0.00, 0.00,0.00, 0.00, 0.00,0,0,0,0
0,3_9,19_53_8,1.723227,1,0,0,0,1.646646,-0.53, -1.40,0.05, 2.36, -0.12,0.00, 0.00, 1.00,0.00, 0.00, 0.00,0.00, 0.00, 0.00,0.00, 0.00, 0.00,0.00, 0.00, 0.00,0,0,0,0
0,3_9,19_53_8,1.728453,1,0,0,0,1.651872,-0.53, -1.40,0.05, 2.36, -0.12,0.00, 0.00, 1.00,0.00, 0.00, 0.00,0.00, 0.00, 0.00,0.00, 0.00, 0.00,0.00, 0.00, 0.00,0,0,0,0
0,3_9,19_53_8,1.734095,1,0,0,0,1.657514,-0.53, -1.40,0.05, 2.36, -0.12,0.00, 0.00, 1.00,0.00, 0.00, 0.00,0.00, 0.00, 0.00,0.00, 0.00, 0.00,0.00, 0.00, 0.00,0,0,0,0
0,3_9,19_53_8,1.739248,1,0,0,0,1.662667,-0.54, -1.41,0.05, 2.36, -0.12,0.00, 0.00, 1.00,0.00, 0.00, 0.00,0.00, 0.00, 0.00,0.00, 0.00, 0.00,0.00, 0.00, 0.00,0,0,0,0
0,3_9,19_53_8,1.751224,1,0,0,0,1.674643,-0.55, -1.44,0.05, 2.36, -0.12,0.00, 0.00, 1.00,0.00, 0.00, 0.00,0.00, 0.00, 0.00,0.00, 0.00, 0.00,0.00, 0.00, 0.00,0,0,0,0
0,3_9,19_53_8,1.760833,1,0,0,0,1.684252,-0.58, -1.50,0.05, 2.36, -0.12,0.00, 0.00, 1.00,0.00, 0.00, 0.00,0.00, 0.00, 0.00,0.00, 0.00, 0.00,0.00, 0.00, 0.00,0,0,0,0
0,3_9,19_53_8,1.769372,1,0,0,0,1.69279,-0.61, -1.56,0.05, 2.36, -0.12,0.00, 0.00, 1.00,0.00, 0.00, 0.00,0.00, 0.00, 0.00,0.00, 0.00, 0.00,0.00, 0.00, 0.00,0,0,0,0
0,3_9,19_53_8,1.77476,1,0,0,0,1.698179,-0.63, -1.59,0.05, 2.36, -0.12,0.00, 0.00, 1.00,0.00, 0.00, 0.00,0.00, 0.00, 0.00,0.00, 0.00, 0.00,0.00, 0.00, 0.00,0,0,0,0
0,3_9,19_53_8,1.779861,1,0,0,0,1.70328,-0.64, -1.61,0.05, 2.36, -0.12,0.00, 0.00, 1.00,0.00, 0.00, 0.00,0.00, 0.00, 0.00,0.00, 0.00, 0.00,0.00, 0.00, 0.00,0,0,0,0
0,3_9,19_53_8,1.785084,1,0,0,0,1.708502,-0.65, -1.63,0.05, 2.36, -0.12,0.00, 0.00, 1.00,0.00, 0.00, 0.00,0.00, 0.00, 0.00,0.00, 0.00, 0.00,0.00, 0.00, 0.00,0,0,0,0
0,3_9,19_53_8,1.791048,1,0,0,0,1.714466,-0.67, -1.65,0.05, 2.36, -0.12,0.00, 0.00, 1.00,0.00, 0.00, 0.00,0.00, 0.00, 0.00,0.00, 0.00, 0.00,0.00, 0.00, 0.00,0,0,0,0
0,3_9,19_53_8,1.796032,1,0,0,0,1.71945,-0.67, -1.67,0.05, 2.36, -0.12,0.00, 0.00, 1.00,0.00, 0.00, 0.00,0.00, 0.00, 0.00,0.00, 0.00, 0.00,0.00, 0.00, 0.00,0,0,0,0
0,3_9,19_53_8,1.801782,1,0,0,0,1.7252,-0.69, -1.70,0.05, 2.36, -0.12,0.00, 0.00, 1.00,0.00, 0.00, 0.00,0.00, 0.00, 0.00,0.00, 0.00, 0.00,0.00, 0.00, 0.00,0,0,0,0
0,3_9,19_53_8,1.808085,1,0,0,0,1.731504,-0.72, -1.75,0.05, 2.36, -0.12,0.00, 0.00, 1.00,0.00, 0.00, 0.00,0.00, 0.00, 0.00,0.00, 0.00, 0.00,0.00, 0.00, 0.00,0,0,0,0
0,3_9,19_53_8,1.813908,1,0,0,0,1.737327,-0.74, -1.79,0.05, 2.36, -0.12,0.00, 0.00, 1.00,0.00, 0.00, 0.00,0.00, 0.00, 0.00,0.00, 0.00, 0.00,0.00, 0.00, 0.00,0,0,0,0
0,3_9,19_53_8,1.818891,1,0,0,0,1.742309,-0.76, -1.83,0.05, 2.36, -0.12,0.00, 0.00, 1.00,0.00, 0.00, 0.00,0.00, 0.00, 0.00,0.00, 0.00, 0.00,0.00, 0.00, 0.00,0,0,0,0
0,3_9,19_53_8,1.82415,1,0,0,0,1.747569,-0.79, -1.88,0.05, 2.36, -0.12,0.00, 0.00, 1.00,0.00, 0.00, 0.00,0.00, 0.00, 0.00,0.00, 0.00, 0.00,0.00, 0.00, 0.00,0,0,0,0
0,3_9,19_53_8,1.829896,1,0,0,0,1.753315,-0.83, -1.95,0.04, 2.36, -0.12,0.00, 0.00, 1.00,0.00, 0.00, 0.00,0.00, 0.00, 0.00,0.00, 0.00, 0.00,0.00, 0.00, 0.00,0,0,0,0
0,3_9,19_53_8,1.834857,1,0,0,0,1.758276,-0.85, -2.01,0.04, 2.36, -0.12,0.00, 0.00, 1.00,0.00, 0.00, 0.00,0.00, 0.00, 0.00,0.00, 0.00, 0.00,0.00, 0.00, 0.00,0,0,0,0
0,3_9,19_53_8,1.840005,1,0,0,0,1.763424,-0.88, -2.06,0.04, 2.36, -0.12,0.00, 0.00, 1.00,0.00, 0.00, 0.00,0.00, 0.00, 0.00,0.00, 0.00, 0.00,0.00, 0.00, 0.00,0,0,0,0
0,3_9,19_53_8,1.845802,1,0,0,0,1.769221,-0.93, -2.15,0.04, 2.36, -0.12,0.00, 0.00, 1.00,0.00, 0.00, 0.00,0.00, 0.00, 0.00,0.00, 0.00, 0.00,0.00, 0.00, 0.00,0,0,0,0
0,3_9,19_53_8,1.851066,1,0,0,0,1.774485,-0.96, -2.22,0.04, 2.36, -0.12,0.00, 0.00, 1.00,0.00, 0.00, 0.00,0.00, 0.00, 0.00,0.00, 0.00, 0.00,0.00, 0.00, 0.00,0,0,0,0
0,3_9,19_53_8,1.85638,1,0,0,0,1.779799,-1.00, -2.29,0.05, 2.36, -0.12,0.00, 0.00, 1.00,0.00, 0.00, 0.00,0.00, 0.00, 0.00,0.00, 0.00, 0.00,0.00, 0.00, 0.00,0,0,0,0
0,3_9,19_53_8,1.862111,1,0,0,0,1.785529,-1.05, -2.37,0.05, 2.36, -0.12,0.00, 0.00, 1.00,0.00, 0.00, 0.00,0.00, 0.00, 0.00,0.00, 0.00, 0.00,0.00, 0.00, 0.00,0,0,0,0
0,3_9,19_53_8,1.867764,1,0,0,0,1.791183,-1.10, -2.47,0.05, 2.36, -0.12,0.00, 0.00, 1.00,0.00, 0.00, 0.00,0.00, 0.00, 0.00,0.00, 0.00, 0.00,0.00, 0.00, 0.00,0,0,0,0
0,3_9,19_53_8,1.873094,1,0,0,0,1.796513,-1.15, -2.57,0.05, 2.36, -0.12,0.00, 0.00, 1.00,0.00, 0.00, 0.00,0.00, 0.00, 0.00,0.00, 0.00, 0.00,0.00, 0.00, 0.00,0,0,0,0
0,3_9,19_53_8,1.878146,1,0,0,0,1.801564,-1.21, -2.70,0.05, 2.36, -0.12,0.00, 0.00, 1.00,0.00, 0.00, 0.00,0.00, 0.00, 0.00,0.00, 0.00, 0.00,0.00, 0.00, 0.00,0,0,0,0
0,3_9,19_53_8,1.883074,1,0,0,0,1.806493,-1.28, -2.83,0.05, 2.36, -0.12,0.00, 0.00, 1.00,0.00, 0.00, 0.00,0.00, 0.00, 0.00,0.00, 0.00, 0.00,0.00, 0.00, 0.00,0,0,0,0
0,3_9,19_53_8,1.888479,1,0,0,0,1.811898,-1.40, -3.06,0.05, 2.36, -0.12,0.00, 0.00, 1.00,0.00, 0.00, 0.00,0.00, 0.00, 0.00,0.00, 0.00, 0.00,0.00, 0.00, 0.00,0,0,0,0
0,3_9,19_53_8,1.893875,1,0,0,0,1.817294,-1.51, -3.28,0.05, 2.36, -0.12,0.00, 0.00, 1.00,0.00, 0.00, 0.00,0.00, 0.00, 0.00,0.00, 0.00, 0.00,0.00, 0.00, 0.00,0,0,0,0
0,3_9,19_53_8,1.899088,1,0,0,0,1.822506,-1.62, -3.51,0.05, 2.36, -0.12,0.00, 0.00, 1.00,0.00, 0.00, 0.00,0.00, 0.00, 0.00,0.00, 0.00, 0.00,0.00, 0.00, 0.00,0,0,0,0
0,3_9,19_53_8,1.907796,1,0,0,0,1.831215,-2.06, -4.37,0.05, 2.36, -0.12,0.00, 0.00, 1.00,0.00, 0.00, 0.00,0.00, 0.00, 0.00,0.00, 0.00, 0.00,0.00, 0.00, 0.00,0,0,0,0
0,3_9,19_53_8,1.91377,1,0,0,0,1.837188,-2.30, -4.85,0.05, 2.36, -0.12,0.00, 0.00, 1.00,0.00, 0.00, 0.00,0.00, 0.00, 0.00,0.00, 0.00, 0.00,0.00, 0.00, 0.00,0,0,0,0
0,3_9,19_53_8,1.920232,1,0,0,0,1.843651,-2.53, -5.32,0.05, 2.36, -0.12,0.00, 0.00, 1.00,0.00, 0.00, 0.00,0.00, 0.00, 0.00,0.00, 0.00, 0.00,0.00, 0.00, 0.00,0,0,0,0
0,3_9,19_53_8,1.92585,1,0,0,0,1.849269,-2.78, -5.82,0.05, 2.36, -0.12,0.00, 0.00, 1.00,0.00, 0.00, 0.00,0.00, 0.00, 0.00,0.00, 0.00, 0.00,0.00, 0.00, 0.00,0,0,0,0
0,3_9,19_53_8,1.93126,1,0,0,0,1.854679,-2.97, -6.19,0.05, 2.36, -0.12,0.00, 0.00, 1.00,0.00, 0.00, 0.00,0.00, 0.00, 0.00,0.00, 0.00, 0.00,0.00, 0.00, 0.00,0,0,0,0
0,3_9,19_53_8,1.936491,1,0,0,0,1.859909,-3.11, -6.48,0.05, 2.36, -0.12,0.00, 0.00, 1.00,0.00, 0.00, 0.00,0.00, 0.00, 0.00,0.00, 0.00, 0.00,0.00, 0.00, 0.00,0,0,0,0
0,3_9,19_53_8,1.941993,1,0,0,0,1.865412,-3.27, -6.80,0.05, 2.36, -0.12,0.00, 0.00, 1.00,0.00, 0.00, 0.00,0.00, 0.00, 0.00,0.00, 0.00, 0.00,0.00, 0.00, 0.00,0,0,0,0
0,3_9,19_53_8,1.94738,1,0,0,0,1.870799,-3.40, -7.09,0.05, 2.36, -0.12,0.00, 0.00, 1.00,0.00, 0.00, 0.00,0.00, 0.00, 0.00,0.00, 0.00, 0.00,0.00, 0.00, 0.00,0,0,0,0
0,3_9,19_53_8,1.952835,1,0,0,0,1.876254,-3.49, -7.27,0.05, 2.36, -0.12,0.00, 0.00, 1.00,0.00, 0.00, 0.00,0.00, 0.00, 0.00,0.00, 0.00, 0.00,0.00, 0.00, 0.00,0,0,0,0
0,3_9,19_53_8,1.958851,1,0,0,0,1.882269,-3.59, -7.49,0.05, 2.36, -0.12,0.00, 0.00, 1.00,0.00, 0.00, 0.00,0.00, 0.00, 0.00,0.00, 0.00, 0.00,0.00, 0.00, 0.00,0,0,0,0
0,3_9,19_53_8,1.963951,1,0,0,0,1.887369,-3.73, -7.77,0.05, 2.36, -0.12,0.00, 0.00, 1.00,0.00, 0.00, 0.00,0.00, 0.00, 0.00,0.00, 0.00, 0.00,0.00, 0.00, 0.00,0,0,0,0
0,3_9,19_53_8,1.970111,1,0,0,0,1.89353,-3.94, -8.20,0.05, 2.36, -0.12,0.00, 0.00, 1.00,0.00, 0.00, 0.00,0.00, 0.00, 0.00,0.00, 0.00, 0.00,0.00, 0.00, 0.00,0,0,0,0
0,3_9,19_53_8,1.975574,1,0,0,0,1.898993,-4.27, -8.90,0.05, 2.36, -0.12,0.00, 0.00, 1.00,0.00, 0.00, 0.00,0.00, 0.00, 0.00,0.00, 0.00, 0.00,0.00, 0.00, 0.00,0,0,0,0
0,3_9,19_53_8,1.981269,1,0,0,0,1.904688,-4.78, -9.96,0.05, 2.36, -0.12,0.00, 0.00, 1.00,0.00, 0.00, 0.00,0.00, 0.00, 0.00,0.00, 0.00, 0.00,0.00, 0.00, 0.00,0,0,0,0
0,3_9,19_53_8,1.987357,1,0,0,0,1.910775,-5.45, -11.34,0.05, 2.36, -0.12,0.00, 0.00, 1.00,0.00, 0.00, 0.00,0.00, 0.00, 0.00,0.00, 0.00, 0.00,0.00, 0.00, 0.00,0,0,0,0
0,3_9,19_53_8,1.993583,1,0,0,0,1.917002,-6.75, -14.05,0.05, 2.36, -0.12,0.00, 0.00, 1.00,0.00, 0.00, 0.00,0.00, 0.00, 0.00,0.00, 0.00, 0.00,0.00, 0.00, 0.00,0,0,0,0
0,3_9,19_53_8,1.998975,1,0,0,0,1.922394,-7.67, -15.94,0.05, 2.36, -0.12,0.00, 0.00, 1.00,0.00, 0.00, 0.00,0.00, 0.00, 0.00,0.00, 0.00, 0.00,0.00, 0.00, 0.00,0,0,0,0
0,3_9,19_53_8,2.004114,1,0,0,0,1.927533,-8.74, -18.16,0.05, 2.36, -0.12,0.00, 0.00, 1.00,0.00, 0.00, 0.00,0.00, 0.00, 0.00,0.00, 0.00, 0.00,0.00, 0.00, 0.00,0,0,0,0
0,3_9,19_53_8,2.019027,1,0,0,0,1.942446,-20.78, -43.08,0.05, 2.36, -0.12,0.00, 0.00, 1.00,0.00, 0.00, 0.00,0.00, 0.00, 0.00,0.00, 0.00, 0.00,0.00, 0.00, 0.00,0,0,0,0
0,3_9,19_53_8,2.024104,1,0,0,0,1.947523,-26.95, -55.86,0.05, 2.36, -0.12,0.00, 0.00, 1.00,0.00, 0.00, 0.00,0.00, 0.00, 0.00,0.00, 0.00, 0.00,0.00, 0.00, 0.00,0,0,0,0
0,3_9,19_53_8,2.029239,1,0,0,0,1.952658,-38.78, -80.35,0.05, 2.36, -0.12,0.00, 0.00, 1.00,0.00, 0.00, 0.00,0.00, 0.00, 0.00,0.00, 0.00, 0.00,0.00, 0.00, 0.00,0,0,0,0
0,3_9,19_53_8,2.034827,1,0,0,0,1.958246,-89.85, -185.98,0.05, 2.36, -0.12,0.00, 0.00, 1.00,0.00, 0.00, 0.00,0.00, 0.00, 0.00,0.00, 0.00, 0.00,0.00, 0.00, 0.00,0,0,0,0
0,3_9,19_53_8,2.041766,1,0,0,0,1.965184,181.69, 375.73,0.05, 2.36, -0.12,0.00, 0.00, 1.00,0.00, 0.00, 0.00,0.00, 0.00, 0.00,0.00, 0.00, 0.00,0.00, 0.00, 0.00,0,0,0,0
0,3_9,19_53_8,2.051,1,0,0,0,1.974419,31.08, 64.09,0.05, 2.36, -0.12,0.00, 0.00, 1.00,0.00, 0.00, 0.00,0.00, 0.00, 0.00,0.00, 0.00, 0.00,0.00, 0.00, 0.00,0,0,0,0
0,3_9,19_53_8,2.05621,1,0,0,0,1.979629,25.17, 51.86,0.05, 2.36, -0.12,0.00, 0.00, 1.00,0.00, 0.00, 0.00,0.00, 0.00, 0.00,0.00, 0.00, 0.00,0.00, 0.00, 0.00,0,0,0,0
0,3_9,19_53_8,2.061958,1,0,0,0,1.985376,21.93, 45.15,0.05, 2.36, -0.12,0.00, 0.00, 1.00,0.00, 0.00, 0.00,0.00, 0.00, 0.00,0.00, 0.00, 0.00,0.00, 0.00, 0.00,0,0,0,0
0,3_9,19_53_8,2.067261,1,0,0,0,1.99068,19.99, 41.13,0.05, 2.36, -0.12,0.00, 0.00, 1.00,0.00, 0.00, 0.00,0.00, 0.00, 0.00,0.00, 0.00, 0.00,0.00, 0.00, 0.00,0,0,0,0
0,3_9,19_53_8,2.073377,1,0,0,0,1.996795,18.14, 37.31,0.05, 2.36, -0.12,0.00, 0.00, 1.00,0.00, 0.00, 0.00,0.00, 0.00, 0.00,0.00, 0.00, 0.00,0.00, 0.00, 0.00,0,0,0,0
0,3_9,19_53_8,2.078504,1,0,0,0,2.001923,17.27, 35.51,0.05, 2.36, -0.12,0.00, 0.00, 1.00,0.00, 0.00, 0.00,0.00, 0.00, 0.00,0.00, 0.00, 0.00,0.00, 0.00, 0.00,0,0,0,0
0,3_9,19_53_8,2.083594,1,0,0,0,2.007013,15.70, 32.27,0.05, 2.36, -0.12,0.00, 0.00, 1.00,0.00, 0.00, 0.00,0.00, 0.00, 0.00,0.00, 0.00, 0.00,0.00, 0.00, 0.00,0,0,0,0
0,3_9,19_53_8,2.089051,1,0,0,0,2.01247,14.58, 29.96,0.05, 2.36, -0.12,0.00, 0.00, 1.00,0.00, 0.00, 0.00,0.00, 0.00, 0.00,0.00, 0.00, 0.00,0.00, 0.00, 0.00,0,0,0,0
0,3_9,19_53_8,2.094238,1,0,0,0,2.017657,13.04, 26.81,0.05, 2.36, -0.12,0.00, 0.00, 1.00,0.00, 0.00, 0.00,0.00, 0.00, 0.00,0.00, 0.00, 0.00,0.00, 0.00, 0.00,0,0,0,0
0,3_9,19_53_8,2.100099,1,0,0,0,2.023518,11.07, 22.78,0.05, 2.36, -0.12,0.00, 0.00, 1.00,0.00, 0.00, 0.00,0.00, 0.00, 0.00,0.00, 0.00, 0.00,0.00, 0.00, 0.00,0,0,0,0
0,3_9,19_53_8,2.106266,1,0,0,0,2.029685,9.49, 19.57,0.05, 2.36, -0.12,0.00, 0.00, 1.00,0.00, 0.00, 0.00,0.00, 0.00, 0.00,0.00, 0.00, 0.00,0.00, 0.00, 0.00,0,0,0,0
0,3_9,19_53_8,2.112355,1,0,0,0,2.035774,8.01, 16.56,0.05, 2.36, -0.12,0.00, 0.00, 1.00,0.00, 0.00, 0.00,0.00, 0.00, 0.00,0.00, 0.00, 0.00,0.00, 0.00, 0.00,0,0,0,0
0,3_9,19_53_8,2.119367,1,0,0,0,2.042786,6.21, 12.90,0.05, 2.36, -0.12,0.00, 0.00, 1.00,0.00, 0.00, 0.00,0.00, 0.00, 0.00,0.00, 0.00, 0.00,0.00, 0.00, 0.00,0,0,0,0
0,3_9,19_53_8,2.125613,1,0,0,0,2.049031,5.40, 11.25,0.05, 2.36, -0.12,0.00, 0.00, 1.00,0.00, 0.00, 0.00,0.00, 0.00, 0.00,0.00, 0.00, 0.00,0.00, 0.00, 0.00,0,0,0,0
0,3_9,19_53_8,2.131945,1,0,0,0,2.055364,4.51, 9.43,0.05, 2.36, -0.12,0.00, 0.00, 1.00,0.00, 0.00, 0.00,0.00, 0.00, 0.00,0.00, 0.00, 0.00,0.00, 0.00, 0.00,0,0,0,0
0,3_9,19_53_8,2.140743,1,0,0,0,2.064162,3.58, 7.53,0.05, 2.36, -0.12,0.00, 0.00, 1.00,0.00, 0.00, 0.00,0.00, 0.00, 0.00,0.00, 0.00, 0.00,0.00, 0.00, 0.00,0,0,0,0
0,3_9,19_53_8,2.146895,1,0,0,0,2.070314,3.33, 7.01,0.05, 2.36, -0.12,0.00, 0.00, 1.00,0.00, 0.00, 0.00,0.00, 0.00, 0.00,0.00, 0.00, 0.00,0.00, 0.00, 0.00,0,0,0,0
0,3_9,19_53_8,2.152816,1,0,0,0,2.076234,3.10, 6.53,0.05, 2.36, -0.12,0.00, 0.00, 1.00,0.00, 0.00, 0.00,0.00, 0.00, 0.00,0.00, 0.00, 0.00,0.00, 0.00, 0.00,0,0,0,0
0,3_9,19_53_8,2.158047,1,0,0,0,2.081466,2.99, 6.30,0.05, 2.36, -0.12,0.00, 0.00, 1.00,0.00, 0.00, 0.00,0.00, 0.00, 0.00,0.00, 0.00, 0.00,0.00, 0.00, 0.00,0,0,0,0
0,3_9,19_53_8,2.164239,1,0,0,0,2.087658,2.85, 6.01,0.05, 2.36, -0.12,0.00, 0.00, 1.00,0.00, 0.00, 0.00,0.00, 0.00, 0.00,0.00, 0.00, 0.00,0.00, 0.00, 0.00,0,0,0,0
0,3_9,19_53_8,2.17059,1,0,0,0,2.094008,2.75, 5.80,0.05, 2.36, -0.12,0.00, 0.00, 1.00,0.00, 0.00, 0.00,0.00, 0.00, 0.00,0.00, 0.00, 0.00,0.00, 0.00, 0.00,0,0,0,0
0,3_9,19_53_8,2.175873,1,0,0,0,2.099292,2.71, 5.71,0.05, 2.36, -0.12,0.00, 0.00, 1.00,0.00, 0.00, 0.00,0.00, 0.00, 0.00,0.00, 0.00, 0.00,0.00, 0.00, 0.00,0,0,0,0
0,3_9,19_53_9,2.18363,1,0,0,0,2.107049,2.67, 5.63,0.05, 2.36, -0.12,0.00, 0.00, 1.00,0.00, 0.00, 0.00,0.00, 0.00, 0.00,0.00, 0.00, 0.00,0.00, 0.00, 0.00,0,0,0,0
0,3_9,19_53_9,2.188655,1,0,0,0,2.112074,2.67, 5.63,0.05, 2.36, -0.12,0.00, 0.00, 1.00,0.00, 0.00, 0.00,0.00, 0.00, 0.00,0.00, 0.00, 0.00,0.00, 0.00, 0.00,0,0,0,0
0,3_9,19_53_9,2.19396,1,0,0,0,2.117379,2.67, 5.63,0.05, 2.36, -0.12,0.00, 0.00, 1.00,0.00, 0.00, 0.00,0.00, 0.00, 0.00,0.00, 0.00, 0.00,0.00, 0.00, 0.00,0,0,0,0
0,3_9,19_53_9,2.19853,1,0,0,0,2.121949,2.67, 5.63,0.05, 2.36, -0.12,0.00, 0.00, 1.00,0.00, 0.00, 0.00,0.00, 0.00, 0.00,0.00, 0.00, 0.00,0.00, 0.00, 0.00,0,0,0,0
0,3_9,19_53_9,2.203043,1,0,0,0,2.126462,2.67, 5.63,0.05, 2.36, -0.12,0.00, 0.00, 1.00,0.00, 0.00, 0.00,0.00, 0.00, 0.00,0.00, 0.00, 0.00,0.00, 0.00, 0.00,0,0,0,0
0,3_9,19_53_9,2.208071,1,0,0,0,2.13149,2.67, 5.63,0.05, 2.36, -0.12,0.00, 0.00, 1.00,0.00, 0.00, 0.00,0.00, 0.00, 0.00,0.00, 0.00, 0.00,0.00, 0.00, 0.00,0,0,0,0
0,3_9,19_53_9,2.213503,1,0,0,0,2.136921,2.66, 5.60,0.05, 2.36, -0.12,0.00, 0.00, 1.00,0.00, 0.00, 0.00,0.00, 0.00, 0.00,0.00, 0.00, 0.00,0.00, 0.00, 0.00,0,0,0,0
0,3_9,19_53_9,2.21884,1,0,0,0,2.142259,2.66, 5.58,0.05, 2.36, -0.12,0.00, 0.00, 1.00,0.00, 0.00, 0.00,0.00, 0.00, 0.00,0.00, 0.00, 0.00,0.00, 0.00, 0.00,0,0,0,0
0,3_9,19_53_9,2.224752,1,0,0,0,2.148171,2.66, 5.59,0.05, 2.36, -0.12,0.00, 0.00, 1.00,0.00, 0.00, 0.00,0.00, 0.00, 0.00,0.00, 0.00, 0.00,0.00, 0.00, 0.00,0,0,0,0
0,3_9,19_53_9,2.229898,1,0,0,0,2.153317,2.66, 5.57,0.05, 2.36, -0.12,0.00, 0.00, 1.00,0.00, 0.00, 0.00,0.00, 0.00, 0.00,0.00, 0.00, 0.00,0.00, 0.00, 0.00,0,0,0,0
0,3_9,19_53_9,2.235832,1,0,0,0,2.159251,2.65, 5.55,0.05, 2.36, -0.12,0.00, 0.00, 1.00,0.00, 0.00, 0.00,0.00, 0.00, 0.00,0.00, 0.00, 0.00,0.00, 0.00, 0.00,0,0,0,0
0,3_9,19_53_9,2.241084,1,0,0,0,2.164503,2.64, 5.51,0.05, 2.36, -0.12,0.00, 0.00, 1.00,0.00, 0.00, 0.00,0.00, 0.00, 0.00,0.00, 0.00, 0.00,0.00, 0.00, 0.00,0,0,0,0
0,3_9,19_53_9,2.246424,1,0,0,0,2.169843,2.65, 5.51,0.05, 2.36, -0.12,0.00, 0.00, 1.00,0.00, 0.00, 0.00,0.00, 0.00, 0.00,0.00, 0.00, 0.00,0.00, 0.00, 0.00,0,0,0,0
0,3_9,19_53_9,2.251843,1,0,0,0,2.175261,2.63, 5.48,0.05, 2.36, -0.12,0.00, 0.00, 1.00,0.00, 0.00, 0.00,0.00, 0.00, 0.00,0.00, 0.00, 0.00,0.00, 0.00, 0.00,0,0,0,0
0,3_9,19_53_9,2.256893,1,0,0,0,2.180312,2.62, 5.45,0.05, 2.36, -0.12,0.00, 0.00, 1.00,0.00, 0.00, 0.00,0.00, 0.00, 0.00,0.00, 0.00, 0.00,0.00, 0.00, 0.00,0,0,0,0
0,3_9,19_53_9,2.261952,1,0,0,0,2.185371,2.61, 5.42,0.05, 2.36, -0.12,0.00, 0.00, 1.00,0.00, 0.00, 0.00,0.00, 0.00, 0.00,0.00, 0.00, 0.00,0.00, 0.00, 0.00,0,0,0,0
0,3_9,19_53_9,2.267145,1,0,0,0,2.190564,2.59, 5.37,0.05, 2.36, -0.12,0.00, 0.00, 1.00,0.00, 0.00, 0.00,0.00, 0.00, 0.00,0.00, 0.00, 0.00,0.00, 0.00, 0.00,0,0,0,0
0,3_9,19_53_9,2.272127,1,0,0,0,2.195546,2.58, 5.33,0.05, 2.36, -0.12,0.00, 0.00, 1.00,0.00, 0.00, 0.00,0.00, 0.00, 0.00,0.00, 0.00, 0.00,0.00, 0.00, 0.00,0,0,0,0
0,3_9,19_53_9,2.279108,1,0,0,0,2.202527,2.54, 5.24,0.05, 2.36, -0.12,0.00, 0.00, 1.00,0.00, 0.00, 0.00,0.00, 0.00, 0.00,0.00, 0.00, 0.00,0.00, 0.00, 0.00,0,0,0,0
0,3_9,19_53_9,2.28423,1,0,0,0,2.207648,2.53, 5.21,0.05, 2.36, -0.12,0.00, 0.00, 1.00,0.00, 0.00, 0.00,0.00, 0.00, 0.00,0.00, 0.00, 0.00,0.00, 0.00, 0.00,0,0,0,0
0,3_9,19_53_9,2.289749,1,0,0,0,2.213167,2.50, 5.14,0.05, 2.36, -0.12,0.00, 0.00, 1.00,0.00, 0.00, 0.00,0.00, 0.00, 0.00,0.00, 0.00, 0.00,0.00, 0.00, 0.00,0,0,0,0
0,3_9,19_53_9,2.29628,1,0,0,0,2.219699,2.49, 5.10,0.04, 2.36, -0.12,0.00, 0.00, 1.00,0.00, 0.00, 0.00,0.00, 0.00, 0.00,0.00, 0.00, 0.00,0.00, 0.00, 0.00,0,0,0,0
0,3_9,19_53_9,2.305493,1,0,0,0,2.228911,2.47, 5.05,0.04, 2.36, -0.12,0.00, 0.00, 1.00,0.00, 0.00, 0.00,0.00, 0.00, 0.00,0.00, 0.00, 0.00,0.00, 0.00, 0.00,0,0,0,0
0,3_9,19_53_9,2.311112,1,0,0,0,2.234531,2.46, 5.01,0.04, 2.36, -0.12,0.00, 0.00, 1.00,0.00, 0.00, 0.00,0.00, 0.00, 0.00,0.00, 0.00, 0.00,0.00, 0.00, 0.00,0,0,0,0
0,3_9,19_53_9,2.316093,1,0,0,0,2.239511,2.47, 5.02,0.04, 2.36, -0.12,0.00, 0.00, 1.00,0.00, 0.00, 0.00,0.00, 0.00, 0.00,0.00, 0.00, 0.00,0.00, 0.00, 0.00,0,0,0,0
0,3_9,19_53_9,2.32115,1,0,0,0,2.244569,2.47, 5.01,0.04, 2.36, -0.12,0.00, 0.00, 1.00,0.00, 0.00, 0.00,0.00, 0.00, 0.00,0.00, 0.00, 0.00,0.00, 0.00, 0.00,0,0,0,0
0,3_9,19_53_9,2.327351,1,0,0,0,2.25077,2.47, 5.02,0.04, 2.36, -0.12,0.00, 0.00, 1.00,0.00, 0.00, 0.00,0.00, 0.00, 0.00,0.00, 0.00, 0.00,0.00, 0.00, 0.00,0,0,0,0
0,3_9,19_53_9,2.332483,1,0,0,0,2.255902,2.49, 5.05,0.04, 2.36, -0.12,0.00, 0.00, 1.00,0.00, 0.00, 0.00,0.00, 0.00, 0.00,0.00, 0.00, 0.00,0.00, 0.00, 0.00,0,0,0,0
0,3_9,19_53_9,2.337511,1,0,0,0,2.260929,2.49, 5.05,0.04, 2.36, -0.12,0.00, 0.00, 1.00,0.00, 0.00, 0.00,0.00, 0.00, 0.00,0.00, 0.00, 0.00,0.00, 0.00, 0.00,0,0,0,0
0,3_9,19_53_9,2.342958,1,0,0,0,2.266377,2.50, 5.06,0.04, 2.36, -0.12,0.00, 0.00, 1.00,0.00, 0.00, 0.00,0.00, 0.00, 0.00,0.00, 0.00, 0.00,0.00, 0.00, 0.00,0,0,0,0
0,3_9,19_53_9,2.349169,1,0,0,0,2.272587,2.53, 5.11,0.04, 2.36, -0.12,0.00, 0.00, 1.00,0.00, 0.00, 0.00,0.00, 0.00, 0.00,0.00, 0.00, 0.00,0.00, 0.00, 0.00,0,0,0,0
0,3_9,19_53_9,2.355395,1,0,0,0,2.278814,2.56, 5.18,0.04, 2.36, -0.12,0.00, 0.00, 1.00,0.00, 0.00, 0.00,0.00, 0.00, 0.00,0.00, 0.00, 0.00,0.00, 0.00, 0.00,0,0,0,0
0,3_9,19_53_9,2.36094,1,0,0,0,2.284359,2.60, 5.26,0.04, 2.36, -0.12,0.00, 0.00, 1.00,0.00, 0.00, 0.00,0.00, 0.00, 0.00,0.00, 0.00, 0.00,0.00, 0.00, 0.00,0,0,0,0
0,3_9,19_53_9,2.366545,1,0,0,0,2.289963,2.64, 5.35,0.04, 2.36, -0.12,0.00, 0.00, 1.00,0.00, 0.00, 0.00,0.00, 0.00, 0.00,0.00, 0.00, 0.00,0.00, 0.00, 0.00,0,0,0,0
0,3_9,19_53_9,2.372071,1,0,0,0,2.295489,2.69, 5.44,0.04, 2.36, -0.12,0.00, 0.00, 1.00,0.00, 0.00, 0.00,0.00, 0.00, 0.00,0.00, 0.00, 0.00,0.00, 0.00, 0.00,0,0,0,0
0,3_9,19_53_9,2.37714,1,0,0,0,2.300559,2.74, 5.53,0.04, 2.36, -0.12,0.00, 0.00, 1.00,0.00, 0.00, 0.00,0.00, 0.00, 0.00,0.00, 0.00, 0.00,0.00, 0.00, 0.00,0,0,0,0
0,3_9,19_53_9,2.383815,1,0,0,0,2.307233,2.85, 5.76,0.04, 2.36, -0.12,0.00, 0.00, 1.00,0.00, 0.00, 0.00,0.00, 0.00, 0.00,0.00, 0.00, 0.00,0.00, 0.00, 0.00,0,0,0,0
0,3_9,19_53_9,2.390064,1,0,0,0,2.313482,2.97, 6.00,0.04, 2.36, -0.12,0.00, 0.00, 1.00,0.00, 0.00, 0.00,0.00, 0.00, 0.00,0.00, 0.00, 0.00,0.00, 0.00, 0.00,0,0,0,0
0,3_9,19_53_9,2.395949,1,0,0,0,2.319368,3.10, 6.26,0.04, 2.36, -0.12,0.00, 0.00, 1.00,0.00, 0.00, 0.00,0.00, 0.00, 0.00,0.00, 0.00, 0.00,0.00, 0.00, 0.00,0,0,0,0
0,3_9,19_53_9,2.401095,1,0,0,0,2.324514,3.20, 6.48,0.04, 2.36, -0.12,0.00, 0.00, 1.00,0.00, 0.00, 0.00,0.00, 0.00, 0.00,0.00, 0.00, 0.00,0.00, 0.00, 0.00,0,0,0,0
0,3_9,19_53_9,2.406728,1,0,0,0,2.330147,3.30, 6.68,0.04, 2.36, -0.12,0.00, 0.00, 1.00,0.00, 0.00, 0.00,0.00, 0.00, 0.00,0.00, 0.00, 0.00,0.00, 0.00, 0.00,0,0,0,0
0,3_9,19_53_9,2.412294,1,0,0,0,2.335713,3.38, 6.83,0.04, 2.36, -0.12,0.00, 0.00, 1.00,0.00, 0.00, 0.00,0.00, 0.00, 0.00,0.00, 0.00, 0.00,0.00, 0.00, 0.00,0,0,0,0
0,3_9,19_53_9,2.418156,1,0,0,0,2.341574,3.45, 6.97,0.04, 2.36, -0.12,0.00, 0.00, 1.00,0.00, 0.00, 0.00,0.00, 0.00, 0.00,0.00, 0.00, 0.00,0.00, 0.00, 0.00,0,0,0,0
0,3_9,19_53_9,2.426208,1,0,0,0,2.349626,3.53, 7.15,0.04, 2.36, -0.12,0.00, 0.00, 1.00,0.00, 0.00, 0.00,0.00, 0.00, 0.00,0.00, 0.00, 0.00,0.00, 0.00, 0.00,0,0,0,0
0,3_9,19_53_9,2.430971,1,0,0,0,2.35439,3.53, 7.15,0.04, 2.36, -0.12,0.00, 0.00, 1.00,0.00, 0.00, 0.00,0.00, 0.00, 0.00,0.00, 0.00, 0.00,0.00, 0.00, 0.00,0,0,0,0
0,3_9,19_53_9,2.435864,1,0,0,0,2.359283,3.54, 7.17,0.04, 2.36, -0.12,0.00, 0.00, 1.00,0.00, 0.00, 0.00,0.00, 0.00, 0.00,0.00, 0.00, 0.00,0.00, 0.00, 0.00,0,0,0,0
0,3_9,19_53_9,2.440709,1,0,0,0,2.364128,3.54, 7.17,0.04, 2.36, -0.12,0.00, 0.00, 1.00,0.00, 0.00, 0.00,0.00, 0.00, 0.00,0.00, 0.00, 0.00,0.00, 0.00, 0.00,0,0,0,0
0,3_9,19_53_9,2.445606,1,0,0,0,2.369025,3.53, 7.14,0.04, 2.36, -0.12,0.00, 0.00, 1.00,0.00, 0.00, 0.00,0.00, 0.00, 0.00,0.00, 0.00, 0.00,0.00, 0.00, 0.00,0,0,0,0
0,3_9,19_53_9,2.450059,1,0,0,0,2.373478,3.53, 7.14,0.04, 2.36, -0.12,0.00, 0.00, 1.00,0.00, 0.00, 0.00,0.00, 0.00, 0.00,0.00, 0.00, 0.00,0.00, 0.00, 0.00,0,0,0,0
0,3_9,19_53_9,2.454641,1,0,0,0,2.37806,3.53, 7.14,0.04, 2.36, -0.12,0.00, 0.00, 1.00,0.00, 0.00, 0.00,0.00, 0.00, 0.00,0.00, 0.00, 0.00,0.00, 0.00, 0.00,0,0,0,0
0,3_9,19_53_9,2.459373,1,0,0,0,2.382792,3.53, 7.14,0.04, 2.36, -0.12,0.00, 0.00, 1.00,0.00, 0.00, 0.00,0.00, 0.00, 0.00,0.00, 0.00, 0.00,0.00, 0.00, 0.00,0,0,0,0
0,3_9,19_53_9,2.463832,1,0,0,0,2.387251,3.53, 7.14,0.04, 2.36, -0.12,0.00, 0.00, 1.00,0.00, 0.00, 0.00,0.00, 0.00, 0.00,0.00, 0.00, 0.00,0.00, 0.00, 0.00,0,0,0,0
0,3_9,19_53_9,2.468592,1,0,0,0,2.39201,3.53, 7.14,0.04, 2.36, -0.12,0.00, 0.00, 1.00,0.00, 0.00, 0.00,0.00, 0.00, 0.00,0.00, 0.00, 0.00,0.00, 0.00, 0.00,0,0,0,0
0,3_9,19_53_9,2.473035,1,0,0,0,2.396454,3.53, 7.14,0.04, 2.36, -0.12,0.00, 0.00, 1.00,0.00, 0.00, 0.00,0.00, 0.00, 0.00,0.00, 0.00, 0.00,0.00, 0.00, 0.00,0,0,0,0
0,3_9,19_53_9,2.477631,1,0,0,0,2.40105,3.53, 7.14,0.04, 2.36, -0.12,0.00, 0.00, 1.00,0.00, 0.00, 0.00,0.00, 0.00, 0.00,0.00, 0.00, 0.00,0.00, 0.00, 0.00,0,0,0,0
0,3_9,19_53_9,2.482182,1,0,0,0,2.405601,3.53, 7.14,0.04, 2.36, -0.12,0.00, 0.00, 1.00,0.00, 0.00, 0.00,0.00, 0.00, 0.00,0.00, 0.00, 0.00,0.00, 0.00, 0.00,0,0,0,0
0,3_9,19_53_9,2.486831,1,0,0,0,2.410249,3.53, 7.14,0.04, 2.36, -0.12,0.00, 0.00, 1.00,0.00, 0.00, 0.00,0.00, 0.00, 0.00,0.00, 0.00, 0.00,0.00, 0.00, 0.00,0,0,0,0
0,3_9,19_53_9,2.491176,1,0,0,0,2.414594,3.53, 7.14,0.04, 2.36, -0.12,0.00, 0.00, 1.00,0.00, 0.00, 0.00,0.00, 0.00, 0.00,0.00, 0.00, 0.00,0.00, 0.00, 0.00,0,0,0,0
0,3_9,19_53_9,2.49564,1,0,0,0,2.419058,3.53, 7.14,0.04, 2.36, -0.12,0.00, 0.00, 1.00,0.00, 0.00, 0.00,0.00, 0.00, 0.00,0.00, 0.00, 0.00,0.00, 0.00, 0.00,0,0,0,0
0,3_9,19_53_9,2.500405,1,0,0,0,2.423824,3.53, 7.14,0.04, 2.36, -0.12,0.00, 0.00, 1.00,0.00, 0.00, 0.00,0.00, 0.00, 0.00,0.00, 0.00, 0.00,0.00, 0.00, 0.00,0,0,0,0
0,3_9,19_53_9,2.504965,1,0,0,0,2.428384,3.53, 7.14,0.04, 2.36, -0.12,0.00, 0.00, 1.00,0.00, 0.00, 0.00,0.00, 0.00, 0.00,0.00, 0.00, 0.00,0.00, 0.00, 0.00,0,0,0,0
0,3_9,19_53_9,2.509433,1,0,0,0,2.432852,3.53, 7.14,0.04, 2.36, -0.12,0.00, 0.00, 1.00,0.00, 0.00, 0.00,0.00, 0.00, 0.00,0.00, 0.00, 0.00,0.00, 0.00, 0.00,0,0,0,0
0,3_9,19_53_9,2.513837,1,0,0,0,2.437256,3.53, 7.14,0.04, 2.36, -0.12,0.00, 0.00, 1.00,0.00, 0.00, 0.00,0.00, 0.00, 0.00,0.00, 0.00, 0.00,0.00, 0.00, 0.00,0,0,0,0
0,3_9,19_53_9,2.51885,1,0,0,0,2.442269,3.53, 7.14,0.04, 2.36, -0.12,0.00, 0.00, 1.00,0.00, 0.00, 0.00,0.00, 0.00, 0.00,0.00, 0.00, 0.00,0.00, 0.00, 0.00,0,0,0,0
0,3_9,19_53_9,2.526083,1,0,0,0,2.449502,3.53, 7.14,0.04, 2.36, -0.12,0.00, 0.00, 1.00,0.00, 0.00, 0.00,0.00, 0.00, 0.00,0.00, 0.00, 0.00,0.00, 0.00, 0.00,0,0,0,0
0,3_9,19_53_9,2.530636,1,0,0,0,2.454055,3.53, 7.14,0.04, 2.36, -0.12,0.00, 0.00, 1.00,0.00, 0.00, 0.00,0.00, 0.00, 0.00,0.00, 0.00, 0.00,0.00, 0.00, 0.00,0,0,0,0
0,3_9,19_53_9,2.534982,1,0,0,0,2.458401,3.53, 7.14,0.04, 2.36, -0.12,0.00, 0.00, 1.00,0.00, 0.00, 0.00,0.00, 0.00, 0.00,0.00, 0.00, 0.00,0.00, 0.00, 0.00,0,0,0,0
0,3_9,19_53_9,2.54023,1,0,0,0,2.463649,3.53, 7.14,0.04, 2.36, -0.12,0.00, 0.00, 1.00,0.00, 0.00, 0.00,0.00, 0.00, 0.00,0.00, 0.00, 0.00,0.00, 0.00, 0.00,0,0,0,0
0,3_9,19_53_9,2.544921,1,0,0,0,2.46834,3.51, 7.10,0.04, 2.36, -0.12,0.00, 0.00, 1.00,0.00, 0.00, 0.00,0.00, 0.00, 0.00,0.00, 0.00, 0.00,0.00, 0.00, 0.00,0,0,0,0
0,3_9,19_53_9,2.54955,1,0,0,0,2.472968,3.50, 7.07,0.04, 2.36, -0.12,0.00, 0.00, 1.00,0.00, 0.00, 0.00,0.00, 0.00, 0.00,0.00, 0.00, 0.00,0.00, 0.00, 0.00,0,0,0,0
0,3_9,19_53_9,2.554948,1,0,0,0,2.478367,3.46, 7.00,0.04, 2.36, -0.12,0.00, 0.00, 1.00,0.00, 0.00, 0.00,0.00, 0.00, 0.00,0.00, 0.00, 0.00,0.00, 0.00, 0.00,0,0,0,0
0,3_9,19_53_9,2.560014,1,0,0,0,2.483433,3.44, 6.96,0.04, 2.36, -0.12,0.00, 0.00, 1.00,0.00, 0.00, 0.00,0.00, 0.00, 0.00,0.00, 0.00, 0.00,0.00, 0.00, 0.00,0,0,0,0
0,3_9,19_53_9,2.565974,1,0,0,0,2.489393,3.42, 6.91,0.04, 2.36, -0.12,0.00, 0.00, 1.00,0.00, 0.00, 0.00,0.00, 0.00, 0.00,0.00, 0.00, 0.00,0.00, 0.00, 0.00,0,0,0,0
0,3_9,19_53_9,2.571062,1,0,0,0,2.49448,3.39, 6.85,0.04, 2.36, -0.12,0.00, 0.00, 1.00,0.00, 0.00, 0.00,0.00, 0.00, 0.00,0.00, 0.00, 0.00,0.00, 0.00, 0.00,0,0,0,0
0,3_9,19_53_9,2.576119,1,0,0,0,2.499538,3.36, 6.79,0.04, 2.36, -0.12,0.00, 0.00, 1.00,0.00, 0.00, 0.00,0.00, 0.00, 0.00,0.00, 0.00, 0.00,0.00, 0.00, 0.00,0,0,0,0
0,3_9,19_53_9,2.581099,1,0,0,0,2.504518,3.33, 6.72,0.04, 2.36, -0.12,0.00, 0.00, 1.00,0.00, 0.00, 0.00,0.00, 0.00, 0.00,0.00, 0.00, 0.00,0.00, 0.00, 0.00,0,0,0,0
0,3_9,19_53_9,2.586971,1,0,0,0,2.51039,3.29, 6.64,0.04, 2.36, -0.12,0.00, 0.00, 1.00,0.00, 0.00, 0.00,0.00, 0.00, 0.00,0.00, 0.00, 0.00,0.00, 0.00, 0.00,0,0,0,0
0,3_9,19_53_9,2.592894,1,0,0,0,2.516312,3.26, 6.58,0.04, 2.36, -0.12,0.00, 0.00, 1.00,0.00, 0.00, 0.00,0.00, 0.00, 0.00,0.00, 0.00, 0.00,0.00, 0.00, 0.00,0,0,0,0
0,3_9,19_53_9,2.59792,1,0,0,0,2.521339,3.24, 6.54,0.04, 2.36, -0.12,0.00, 0.00, 1.00,0.00, 0.00, 0.00,0.00, 0.00, 0.00,0.00, 0.00, 0.00,0.00, 0.00, 0.00,0,0,0,0
0,3_9,19_53_9,2.603148,1,0,0,0,2.526567,3.21, 6.47,0.04, 2.36, -0.12,0.00, 0.00, 1.00,0.00, 0.00, 0.00,0.00, 0.00, 0.00,0.00, 0.00, 0.00,0.00, 0.00, 0.00,0,0,0,0
0,3_9,19_53_9,2.608482,1,0,0,0,2.5319,3.18, 6.43,0.04, 2.36, -0.12,0.00, 0.00, 1.00,0.00, 0.00, 0.00,0.00, 0.00, 0.00,0.00, 0.00, 0.00,0.00, 0.00, 0.00,0,0,0,0
0,3_9,19_53_9,2.613958,1,0,0,0,2.537377,3.16, 6.38,0.04, 2.36, -0.12,0.00, 0.00, 1.00,0.00, 0.00, 0.00,0.00, 0.00, 0.00,0.00, 0.00, 0.00,0.00, 0.00, 0.00,0,0,0,0
0,3_9,19_53_9,2.619659,1,0,0,0,2.543078,3.14, 6.35,0.04, 2.36, -0.12,0.00, 0.00, 1.00,0.00, 0.00, 0.00,0.00, 0.00, 0.00,0.00, 0.00, 0.00,0.00, 0.00, 0.00,0,0,0,0
0,3_9,19_53_9,2.624928,1,0,0,0,2.548347,3.13, 6.33,0.04, 2.36, -0.12,0.00, 0.00, 1.00,0.00, 0.00, 0.00,0.00, 0.00, 0.00,0.00, 0.00, 0.00,0.00, 0.00, 0.00,0,0,0,0
0,3_9,19_53_9,2.633027,1,0,0,0,2.556446,3.11, 6.29,0.04, 2.36, -0.12,0.00, 0.00, 1.00,0.00, 0.00, 0.00,0.00, 0.00, 0.00,0.00, 0.00, 0.00,0.00, 0.00, 0.00,0,0,0,0
0,3_9,19_53_9,2.637708,1,0,0,0,2.561126,3.11, 6.29,0.04, 2.36, -0.12,0.00, 0.00, 1.00,0.00, 0.00, 0.00,0.00, 0.00, 0.00,0.00, 0.00, 0.00,0.00, 0.00, 0.00,0,0,0,0
0,3_9,19_53_9,2.642284,1,0,0,0,2.565702,3.11, 6.29,0.04, 2.36, -0.12,0.00, 0.00, 1.00,0.00, 0.00, 0.00,0.00, 0.00, 0.00,0.00, 0.00, 0.00,0.00, 0.00, 0.00,0,0,0,0
0,3_9,19_53_9,2.647054,1,0,0,0,2.570472,3.11, 6.29,0.04, 2.36, -0.12,0.00, 0.00, 1.00,0.00, 0.00, 0.00,0.00, 0.00, 0.00,0.00, 0.00, 0.00,0.00, 0.00, 0.00,0,0,0,0
0,3_9,19_53_9,2.65187,1,0,0,0,2.575288,3.11, 6.29,0.04, 2.36, -0.12,0.00, 0.00, 1.00,0.00, 0.00, 0.00,0.00, 0.00, 0.00,0.00, 0.00, 0.00,0.00, 0.00, 0.00,0,0,0,0
0,3_9,19_53_9,2.656388,1,0,0,0,2.579807,3.11, 6.29,0.04, 2.36, -0.12,0.00, 0.00, 1.00,0.00, 0.00, 0.00,0.00, 0.00, 0.00,0.00, 0.00, 0.00,0.00, 0.00, 0.00,0,0,0,0
0,3_9,19_53_9,2.660927,1,0,0,0,2.584345,3.11, 6.29,0.04, 2.36, -0.12,0.00, 0.00, 1.00,0.00, 0.00, 0.00,0.00, 0.00, 0.00,0.00, 0.00, 0.00,0.00, 0.00, 0.00,0,0,0,0
0,3_9,19_53_9,2.665727,1,0,0,0,2.589146,3.11, 6.29,0.04, 2.36, -0.12,0.00, 0.00, 1.00,0.00, 0.00, 0.00,0.00, 0.00, 0.00,0.00, 0.00, 0.00,0.00, 0.00, 0.00,0,0,0,0
0,3_9,19_53_9,2.670583,1,0,0,0,2.594002,3.10, 6.27,0.04, 2.36, -0.12,0.00, 0.00, 1.00,0.00, 0.00, 0.00,0.00, 0.00, 0.00,0.00, 0.00, 0.00,0.00, 0.00, 0.00,0,0,0,0
0,3_9,19_53_9,2.675187,1,0,0,0,2.598606,3.10, 6.27,0.04, 2.36, -0.12,0.00, 0.00, 1.00,0.00, 0.00, 0.00,0.00, 0.00, 0.00,0.00, 0.00, 0.00,0.00, 0.00, 0.00,0,0,0,0
0,3_9,19_53_9,2.679742,1,0,0,0,2.60316,3.10, 6.27,0.04, 2.36, -0.12,0.00, 0.00, 1.00,0.00, 0.00, 0.00,0.00, 0.00, 0.00,0.00, 0.00, 0.00,0.00, 0.00, 0.00,0,0,0,0
0,3_9,19_53_9,2.684555,1,0,0,0,2.607974,3.10, 6.27,0.04, 2.36, -0.12,0.00, 0.00, 1.00,0.00, 0.00, 0.00,0.00, 0.00, 0.00,0.00, 0.00, 0.00,0.00, 0.00, 0.00,0,0,0,0
0,3_9,19_53_9,2.689324,1,0,0,0,2.612743,3.10, 6.27,0.04, 2.36, -0.12,0.00, 0.00, 1.00,0.00, 0.00, 0.00,0.00, 0.00, 0.00,0.00, 0.00, 0.00,0.00, 0.00, 0.00,0,0,0,0
0,3_9,19_53_9,2.693758,1,0,0,0,2.617177,3.10, 6.27,0.04, 2.36, -0.12,0.00, 0.00, 1.00,0.00, 0.00, 0.00,0.00, 0.00, 0.00,0.00, 0.00, 0.00,0.00, 0.00, 0.00,0,0,0,0
0,3_9,19_53_9,2.698451,1,0,0,0,2.62187,3.10, 6.27,0.04, 2.36, -0.12,0.00, 0.00, 1.00,0.00, 0.00, 0.00,0.00, 0.00, 0.00,0.00, 0.00, 0.00,0.00, 0.00, 0.00,0,0,0,0
0,3_9,19_53_9,2.70286,1,0,0,0,2.626279,3.10, 6.27,0.04, 2.36, -0.12,0.00, 0.00, 1.00,0.00, 0.00, 0.00,0.00, 0.00, 0.00,0.00, 0.00, 0.00,0.00, 0.00, 0.00,0,0,0,0
0,3_9,19_53_9,2.707462,1,0,0,0,2.630881,3.10, 6.27,0.04, 2.36, -0.12,0.00, 0.00, 1.00,0.00, 0.00, 0.00,0.00, 0.00, 0.00,0.00, 0.00, 0.00,0.00, 0.00, 0.00,0,0,0,0
0,3_9,19_53_9,2.711979,1,0,0,0,2.635398,3.10, 6.27,0.04, 2.36, -0.12,0.00, 0.00, 1.00,0.00, 0.00, 0.00,0.00, 0.00, 0.00,0.00, 0.00, 0.00,0.00, 0.00, 0.00,0,0,0,0
0,3_9,19_53_9,2.716396,1,0,0,0,2.639815,3.10, 6.27,0.04, 2.36, -0.12,0.00, 0.00, 1.00,0.00, 0.00, 0.00,0.00, 0.00, 0.00,0.00, 0.00, 0.00,0.00, 0.00, 0.00,0,0,0,0
0,3_9,19_53_9,2.723526,1,0,0,0,2.646945,3.10, 6.27,0.04, 2.36, -0.12,0.00, 0.00, 1.00,0.00, 0.00, 0.00,0.00, 0.00, 0.00,0.00, 0.00, 0.00,0.00, 0.00, 0.00,0,0,0,0
0,3_9,19_53_9,2.728377,1,0,0,0,2.651796,3.10, 6.27,0.04, 2.36, -0.12,0.00, 0.00, 1.00,0.00, 0.00, 0.00,0.00, 0.00, 0.00,0.00, 0.00, 0.00,0.00, 0.00, 0.00,0,0,0,0
0,3_9,19_53_9,2.732793,1,0,0,0,2.656211,3.10, 6.27,0.04, 2.36, -0.12,0.00, 0.00, 1.00,0.00, 0.00, 0.00,0.00, 0.00, 0.00,0.00, 0.00, 0.00,0.00, 0.00, 0.00,0,0,0,0
0,3_9,19_53_9,2.737423,1,0,0,0,2.660842,3.10, 6.27,0.04, 2.36, -0.12,0.00, 0.00, 1.00,0.00, 0.00, 0.00,0.00, 0.00, 0.00,0.00, 0.00, 0.00,0.00, 0.00, 0.00,0,0,0,0
0,3_9,19_53_9,2.741922,1,0,0,0,2.665341,3.10, 6.27,0.04, 2.36, -0.12,0.00, 0.00, 1.00,0.00, 0.00, 0.00,0.00, 0.00, 0.00,0.00, 0.00, 0.00,0.00, 0.00, 0.00,0,0,0,0
0,3_9,19_53_9,2.746566,1,0,0,0,2.669984,3.10, 6.27,0.04, 2.36, -0.12,0.00, 0.00, 1.00,0.00, 0.00, 0.00,0.00, 0.00, 0.00,0.00, 0.00, 0.00,0.00, 0.00, 0.00,0,0,0,0
0,3_9,19_53_9,2.751196,1,0,0,0,2.674615,3.10, 6.27,0.04, 2.36, -0.12,0.00, 0.00, 1.00,0.00, 0.00, 0.00,0.00, 0.00, 0.00,0.00, 0.00, 0.00,0.00, 0.00, 0.00,0,0,0,0
0,3_9,19_53_9,2.75599,1,0,0,0,2.679409,3.10, 6.27,0.04, 2.36, -0.12,0.00, 0.00, 1.00,0.00, 0.00, 0.00,0.00, 0.00, 0.00,0.00, 0.00, 0.00,0.00, 0.00, 0.00,0,0,0,0
0,3_9,19_53_9,2.760576,1,0,0,0,2.683995,3.10, 6.27,0.04, 2.36, -0.12,0.00, 0.00, 1.00,0.00, 0.00, 0.00,0.00, 0.00, 0.00,0.00, 0.00, 0.00,0.00, 0.00, 0.00,0,0,0,0
0,3_9,19_53_9,2.766128,1,0,0,0,2.689547,3.10, 6.27,0.04, 2.36, -0.12,0.00, 0.00, 1.00,0.00, 0.00, 0.00,0.00, 0.00, 0.00,0.00, 0.00, 0.00,0.00, 0.00, 0.00,0,0,0,0
0,3_9,19_53_9,2.770565,1,0,0,0,2.693984,3.10, 6.27,0.04, 2.36, -0.12,0.00, 0.00, 1.00,0.00, 0.00, 0.00,0.00, 0.00, 0.00,0.00, 0.00, 0.00,0.00, 0.00, 0.00,0,0,0,0
0,3_9,19_53_9,2.775697,1,0,0,0,2.699116,3.10, 6.27,0.04, 2.36, -0.12,0.00, 0.00, 1.00,0.00, 0.00, 0.00,0.00, 0.00, 0.00,0.00, 0.00, 0.00,0.00, 0.00, 0.00,0,0,0,0
0,3_9,19_53_9,2.780221,1,0,0,0,2.703639,3.10, 6.27,0.04, 2.36, -0.12,0.00, 0.00, 1.00,0.00, 0.00, 0.00,0.00, 0.00, 0.00,0.00, 0.00, 0.00,0.00, 0.00, 0.00,0,0,0,0
0,3_9,19_53_9,2.785041,1,0,0,0,2.70846,3.10, 6.27,0.04, 2.36, -0.12,0.00, 0.00, 1.00,0.00, 0.00, 0.00,0.00, 0.00, 0.00,0.00, 0.00, 0.00,0.00, 0.00, 0.00,0,0,0,0
0,3_9,19_53_9,2.789696,1,0,0,0,2.713115,3.10, 6.27,0.04, 2.36, -0.12,0.00, 0.00, 1.00,0.00, 0.00, 0.00,0.00, 0.00, 0.00,0.00, 0.00, 0.00,0.00, 0.00, 0.00,0,0,0,0
0,3_9,19_53_9,2.794197,1,0,0,0,2.717615,3.10, 6.27,0.04, 2.36, -0.12,0.00, 0.00, 1.00,0.00, 0.00, 0.00,0.00, 0.00, 0.00,0.00, 0.00, 0.00,0.00, 0.00, 0.00,0,0,0,0
0,3_9,19_53_9,2.798729,1,0,0,0,2.722147,3.10, 6.27,0.04, 2.36, -0.12,0.00, 0.00, 1.00,0.00, 0.00, 0.00,0.00, 0.00, 0.00,0.00, 0.00, 0.00,0.00, 0.00, 0.00,0,0,0,0
0,3_9,19_53_9,2.80321,1,0,0,0,2.726629,3.10, 6.27,0.04, 2.36, -0.12,0.00, 0.00, 1.00,0.00, 0.00, 0.00,0.00, 0.00, 0.00,0.00, 0.00, 0.00,0.00, 0.00, 0.00,0,0,0,0
0,3_9,19_53_9,2.817024,1,0,0,0,2.740443,3.10, 6.27,0.04, 2.36, -0.12,0.00, 0.00, 1.00,0.00, 0.00, 0.00,0.00, 0.00, 0.00,0.00, 0.00, 0.00,0.00, 0.00, 0.00,0,0,0,0
0,3_9,19_53_9,2.825032,1,0,0,0,2.748451,3.10, 6.27,0.04, 2.36, -0.12,0.00, 0.00, 1.00,0.00, 0.00, 0.00,0.00, 0.00, 0.00,0.00, 0.00, 0.00,0.00, 0.00, 0.00,0,0,0,0
0,3_9,19_53_9,2.83004,1,0,0,0,2.753458,3.10, 6.27,0.04, 2.36, -0.12,0.00, 0.00, 1.00,0.00, 0.00, 0.00,0.00, 0.00, 0.00,0.00, 0.00, 0.00,0.00, 0.00, 0.00,0,0,0,0
0,3_9,19_53_9,2.835296,1,0,0,0,2.758715,3.10, 6.27,0.04, 2.36, -0.12,0.00, 0.00, 1.00,0.00, 0.00, 0.00,0.00, 0.00, 0.00,0.00, 0.00, 0.00,0.00, 0.00, 0.00,0,0,0,0
0,3_9,19_53_9,2.839974,1,0,0,0,2.763393,3.10, 6.27,0.04, 2.36, -0.12,0.00, 0.00, 1.00,0.00, 0.00, 0.00,0.00, 0.00, 0.00,0.00, 0.00, 0.00,0.00, 0.00, 0.00,0,0,0,0
0,3_9,19_53_9,2.844428,1,0,0,0,2.767847,3.10, 6.27,0.04, 2.36, -0.12,0.00, 0.00, 1.00,0.00, 0.00, 0.00,0.00, 0.00, 0.00,0.00, 0.00, 0.00,0.00, 0.00, 0.00,0,0,0,0
0,3_9,19_53_9,2.848959,1,0,0,0,2.772378,3.10, 6.27,0.04, 2.36, -0.12,0.00, 0.00, 1.00,0.00, 0.00, 0.00,0.00, 0.00, 0.00,0.00, 0.00, 0.00,0.00, 0.00, 0.00,0,0,0,0
0,3_9,19_53_9,2.853293,1,0,0,0,2.776711,3.10, 6.27,0.04, 2.36, -0.12,0.00, 0.00, 1.00,0.00, 0.00, 0.00,0.00, 0.00, 0.00,0.00, 0.00, 0.00,0.00, 0.00, 0.00,0,0,0,0
0,3_9,19_53_9,2.861202,1,0,0,0,2.784621,3.10, 6.27,0.04, 2.36, -0.12,0.00, 0.00, 1.00,0.00, 0.00, 0.00,0.00, 0.00, 0.00,0.00, 0.00, 0.00,0.00, 0.00, 0.00,0,0,0,0

