,3_9,19_53_6,0.01999999,0,0,0,0,0.01999999,0,1.36144,-1.124,57.50006,112.2,180,
0,3_9,19_53_6,0.07658119,1,0,0,0,0,0,1.36144,-1.124,57.50006,112.2,180,
0,3_9,19_53_6,0.087354,1,0,0,0,0.0107728,0,1.36144,-1.124,57.50006,112.2,180,
0,3_9,19_53_6,0.0914792,1,0,0,0,0.014898,0,1.36144,-1.124,57.50006,112.2,180,
0,3_9,19_53_6,0.0955212,1,0,0,0,0.01894,0,1.36144,-1.124,57.50006,112.2,180,
0,3_9,19_53_6,0.09922379,1,0,0,0,0.0226426,0,1.36144,-1.124,57.50006,112.2,180,
0,3_9,19_53_6,0.1030876,1,0,0,0,0.0265064,0,1.36144,-1.124,57.50006,112.2,180,
0,3_9,19_53_6,0.107325,1,0,0,0,0.0307438,0,1.36144,-1.124,57.50006,112.2,180,
0,3_9,19_53_6,0.1117146,1,0,0,0,0.0351334,0,1.36144,-1.124,57.50006,112.2,180,
0,3_9,19_53_6,0.115859,1,0,0,0,0.03927781,0,1.36144,-1.124,57.50006,112.2,180,
0,3_9,19_53_6,0.1197205,1,0,0,0,0.0431393,0,1.36144,-1.124,57.50006,112.2,180,
0,3_9,19_53_6,0.123579,1,0,0,0,0.0469978,0,1.36144,-1.124,57.50006,112.2,180,
0,3_9,19_53_6,0.1278885,1,0,0,0,0.05130731,0,1.36144,-1.124,57.50006,112.2,180,
0,3_9,19_53_6,0.1319824,1,0,0,0,0.05540121,0,1.36144,-1.124,57.50006,112.2,180,
0,3_9,19_53_6,0.1357604,1,0,0,0,0.0591792,0,1.36144,-1.124,57.50006,112.2,180,
0,3_9,19_53_6,0.1399022,1,0,0,0,0.06332099,0,1.36144,-1.124,57.50006,112.2,180,
0,3_9,19_53_6,0.143875,1,0,0,0,0.06729379,0,1.36144,-1.124,57.50006,112.2,180,
0,3_9,19_53_6,0.1483886,1,0,0,0,0.0718074,0,1.36144,-1.124,57.50006,112.2,180,
0,3_9,19_53_6,0.1524643,1,0,0,0,0.07588309,0,1.36144,-1.124,57.50006,112.2,180,
0,3_9,19_53_6,0.1579848,1,0,0,0,0.0814036,0,1.36144,-1.124,57.50006,112.2,180,
0,3_9,19_53_6,0.1625641,1,0,0,0,0.0859829,0,1.36144,-1.124,57.50006,112.2,180,
0,3_9,19_53_6,0.1666431,1,0,0,0,0.0900619,0,1.36144,-1.124,57.50006,112.2,180,
0,3_9,19_53_6,0.1706373,1,0,0,0,0.0940561,0,1.36144,-1.124,57.50006,112.2,180,
0,3_9,19_53_6,0.1743486,1,0,0,0,0.0977674,0,1.36144,-1.124,57.50006,112.2,180,
0,3_9,19_53_6,0.1781402,1,0,0,0,0.101559,0,1.36144,-1.124,57.50006,112.2,180,
0,3_9,19_53_7,0.1818212,1,0,0,0,0.10524,0,1.36144,-1.124,57.50006,112.2,180,
0,3_9,19_53_7,0.1856549,1,0,0,0,0.1090737,0,1.36144,-1.124,57.48088,112.2,180,
0,3_9,19_53_7,0.1896755,1,0,0,0,0.1130943,0,1.36144,-1.124,57.46078,112.1799,180,
0,3_9,19_53_7,0.1935065,1,0,0,0,0.1169253,0,1.36144,-1.124,57.46078,112.1799,180,
0,3_9,19_53_7,0.1975439,1,0,0,0,0.1209627,0,1.36144,-1.124,57.44059,112.1799,180,
0,3_9,19_53_7,0.2016821,1,0,0,0,0.1251009,0,1.36144,-1.124,57.41991,112.1592,180,
0,3_9,19_53_7,0.2055749,1,0,0,0,0.1289937,0,1.36144,-1.124,57.40045,112.1592,180,
0,3_9,19_53_7,0.2099615,1,0,0,0,0.1333803,0,1.36144,-1.124,57.35657,112.1592,180,
0,3_9,19_53_7,0.2145652,1,0,0,0,0.137984,0,1.36144,-1.124,57.35657,112.1592,180,
0,3_9,19_53_7,0.2188807,1,0,0,0,0.1422995,0,1.36144,-1.124,57.335,112.1377,180,
0,3_9,19_53_7,0.2232857,1,0,0,0,0.1467045,0,1.36144,-1.124,57.31298,112.1377,180,
0,3_9,19_53_7,0.2276677,1,0,0,0,0.1510865,0,1.36144,-1.124,57.31298,112.1377,180,
0,3_9,19_53_7,0.231366,1,0,0,0,0.1547848,0,1.36144,-1.124,57.29449,112.1377,180,
0,3_9,19_53_7,0.2352206,1,0,0,0,0.1586394,0,1.36144,-1.124,57.29449,112.1377,180,
0,3_9,19_53_7,0.2395573,1,0,0,0,0.1629761,0,1.36144,-1.124,57.2511,112.116,180,
0,3_9,19_53_7,0.243496,1,0,0,0,0.1669148,0,1.36144,-1.124,57.2511,112.116,180,
0,3_9,19_53_7,0.2478794,1,0,0,0,0.1712982,0,1.36144,-1.124,57.22919,112.116,180,
0,3_9,19_53_7,0.2519143,1,0,0,0,0.1753331,0,1.36144,-1.124,57.22919,112.116,180,
0,3_9,19_53_7,0.2558402,1,0,0,0,0.179259,0,1.36144,-1.124,57.22919,112.116,180,
0,3_9,19_53_7,0.2596164,1,0,0,0,0.1830352,0,1.36144,-1.124,57.22919,112.116,180,
0,3_9,19_53_7,0.2632537,1,0,0,0,0.1866725,0,1.36144,-1.124,57.22919,112.116,180,
0,3_9,19_53_7,0.2743229,1,0,0,0,0.1977417,0,1.36144,-1.124,57.22919,112.116,180,
0,3_9,19_53_7,0.2781778,1,0,0,0,0.2015966,0,1.36144,-1.124,57.22919,112.116,180,
0,3_9,19_53_7,0.2817867,1,0,0,0,0.2052055,0,1.36144,-1.124,57.22919,112.116,180,
0,3_9,19_53_7,0.285562,1,0,0,0,0.2089808,0,1.36144,-1.124,57.22919,112.116,180,
0,3_9,19_53_7,0.2893619,1,0,0,0,0.2127807,0,1.36144,-1.124,57.22919,112.116,180,
0,3_9,19_53_7,0.293581,1,0,0,0,0.2169998,0,1.36144,-1.124,57.22919,112.116,180,
0,3_9,19_53_7,0.2973573,1,0,0,0,0.2207761,0,1.36144,-1.124,57.22919,112.116,180,
0,3_9,19_53_7,0.3010242,1,0,0,0,0.224443,0,1.36144,-1.124,57.22919,112.116,180,
0,3_9,19_53_7,0.3054212,1,0,0,0,0.22884,0,1.36144,-1.124,57.22919,112.116,180,
0,3_9,19_53_7,0.3090712,1,0,0,0,0.23249,0,1.36144,-1.124,57.22919,112.116,180,
0,3_9,19_53_7,0.3127479,1,0,0,0,0.2361667,0,1.36144,-1.124,57.22919,112.116,180,
0,3_9,19_53_7,0.3167797,1,0,0,0,0.2401985,0,1.36144,-1.124,57.22919,112.116,180,
0,3_9,19_53_7,0.3205977,1,0,0,0,0.2440165,0,1.36144,-1.124,57.2292,112.1541,180,
0,3_9,19_53_7,0.3257021,1,0,0,0,0.2491209,0,1.36144,-1.124,57.20367,112.1797,180,
0,3_9,19_53_7,0.3298881,1,0,0,0,0.2533069,0,1.36144,-1.124,57.20367,112.1797,180,
0,3_9,19_53_7,0.3343332,1,0,0,0,0.257752,0,1.36144,-1.124,57.15924,112.2019,180,
0,3_9,19_53_7,0.3389063,1,0,0,0,0.2623251,0,1.36144,-1.124,57.15924,112.2248,180,
0,3_9,19_53_7,0.342858,1,0,0,0,0.2662768,0,1.36144,-1.124,57.15924,112.2248,180,
0,3_9,19_53_7,0.3467338,1,0,0,0,0.2701526,0,1.36144,-1.124,57.15923,112.2441,180,
0,3_9,19_53_7,0.3511847,1,0,0,0,0.2746035,0,1.36144,-1.124,57.15923,112.2664,180,
0,3_9,19_53_7,0.3556671,1,0,0,0,0.2790859,0,1.36144,-1.124,57.13681,112.2888,180,
0,3_9,19_53_7,0.3596749,1,0,0,0,0.2830937,0,1.36144,-1.124,57.13681,112.3089,180,
0,3_9,19_53_7,0.3638587,1,0,0,0,0.2872775,0,1.36144,-1.124,57.11587,112.3298,180,
0,3_9,19_53_7,0.368479,1,0,0,0,0.2918978,0,1.36144,-1.124,57.09278,112.3529,180,
0,3_9,19_53_7,0.3723423,1,0,0,0,0.2957611,0,1.36144,-1.124,57.07346,112.3529,180,
0,3_9,19_53_7,0.3771849,1,0,0,0,0.3006037,0,1.36144,-1.124,57.04925,112.4013,180,
0,3_9,19_53_7,0.3816833,1,0,0,0,0.3051021,0,1.36144,-1.124,57.02678,112.4463,180,
0,3_9,19_53_7,0.3866616,1,0,0,0,0.3100804,0,1.36144,-1.124,56.95208,112.521,180,
0,3_9,19_53_7,0.3918525,1,0,0,0,0.3152713,0,1.36144,-1.124,56.87422,112.5988,180,
0,3_9,19_53_7,0.3974843,1,0,0,0,0.3209031,0,1.36144,-1.124,56.73342,112.7115,180,
0,3_9,19_53_7,0.4019655,1,0,0,0,0.3253843,0,1.36144,-1.124,56.59899,112.8235,180,
0,3_9,19_53_7,0.4070909,1,0,0,0,0.3305097,0,1.36144,-1.124,56.34272,113.0285,180,
0,3_9,19_53_7,0.411763,1,0,0,0,0.3351818,0,1.36144,-1.124,56.10911,113.192,180,
0,3_9,19_53_7,0.4167474,1,0,0,0,0.3401662,0,1.36144,-1.124,55.83498,113.3914,180,
0,3_9,19_53_7,0.420987,1,0,0,0,0.3444058,0,1.36144,-1.124,55.58059,113.5186,180,
0,3_9,19_53_7,0.4267189,1,0,0,0,0.3501377,0,1.36144,-1.124,55.17936,113.7765,180,
0,3_9,19_53_7,0.4318453,1,0,0,0,0.3552641,0,1.36144,-1.124,54.84615,113.9303,180,
0,3_9,19_53_7,0.4366721,1,0,0,0,0.3600909,0,1.36144,-1.124,54.55655,114.0993,180,
0,3_9,19_53_7,0.4417881,1,0,0,0,0.3652069,0,1.36144,-1.124,54.24958,114.2527,180,
0,3_9,19_53_7,0.4470298,1,0,0,0,0.3704486,0,1.36144,-1.124,53.93509,114.4624,180,
0,3_9,19_53_7,0.4517185,1,0,0,0,0.3751373,0,1.36144,-1.124,53.65375,114.6031,180,
0,3_9,19_53_7,0.4561862,1,0,0,0,0.379605,0,1.36144,-1.124,53.4527,114.7371,180,
0,3_9,19_53_7,0.4606994,1,0,0,0,0.3841182,0,1.36144,-1.124,53.22705,114.8499,180,
0,3_9,19_53_7,0.4650452,1,0,0,0,0.388464,0,1.36144,-1.124,53.09666,114.9586,180,
0,3_9,19_53_7,0.4697997,1,0,0,0,0.3932185,0,1.36144,-1.124,52.88272,115.1012,180,
0,3_9,19_53_7,0.4748928,1,0,0,0,0.3983116,0,1.36144,-1.124,52.65354,115.254,180,
0,3_9,19_53_7,0.4795836,1,0,0,0,0.4030024,0,1.36144,-1.124,52.48935,115.4416,180,
0,3_9,19_53_7,0.4872632,1,0,0,0,0.410682,0,1.36144,-1.124,52.22058,115.8256,180,
0,3_9,19_53_7,0.4917471,1,0,0,0,0.4151659,0,1.36144,-1.124,52.15332,116.0722,180,
0,3_9,19_53_7,0.4960556,1,0,0,0,0.4194744,0,1.36144,-1.124,52.13177,116.223,180,
0,3_9,19_53_7,0.5008043,1,0,0,0,0.4242231,0,1.36144,-1.124,52.10803,116.4842,180,
0,3_9,19_53_7,0.5066059,1,0,0,0,0.4300247,0,1.36144,-1.124,52.10803,116.8323,180,
0,3_9,19_53_7,0.5111374,1,0,0,0,0.4345562,0,1.36144,-1.124,52.10803,116.9909,180,
0,3_9,19_53_7,0.515534,1,0,0,0,0.4389528,0,1.36144,-1.124,52.17398,117.1888,180,
0,3_9,19_53_7,0.5197496,1,0,0,0,0.4431684,0,1.36144,-1.124,52.23721,117.273,180,
0,3_9,19_53_7,0.5240722,1,0,0,0,0.447491,0,1.36144,-1.124,52.28044,117.3811,180,
0,3_9,19_53_7,0.5288069,1,0,0,0,0.4522257,0,1.36144,-1.124,52.37513,117.4758,180,
0,3_9,19_53_7,0.5341784,1,0,0,0,0.4575972,0,1.36144,-1.124,52.48256,117.5833,180,
0,3_9,19_53_7,0.5391827,1,0,0,0,0.4626015,0,1.36144,-1.124,52.60767,117.6583,180,
0,3_9,19_53_7,0.5439452,1,0,0,0,0.467364,0,1.36144,-1.124,52.70293,117.7298,180,
0,3_9,19_53_7,0.5487797,1,0,0,0,0.4721985,0,1.36144,-1.124,52.82379,117.8264,180,
0,3_9,19_53_7,0.5530716,1,0,0,0,0.4764904,0,1.36144,-1.124,52.90962,117.8694,180,
0,3_9,19_53_7,0.5575252,1,0,0,0,0.480944,0,1.36144,-1.124,52.97644,117.9139,180,
0,3_9,19_53_7,0.5621562,1,0,0,0,0.485575,0,1.36144,-1.124,53.06905,117.9371,180,
0,3_9,19_53_7,0.5669027,1,0,0,0,0.4903215,0,1.36144,-1.124,53.16397,117.9845,180,
0,3_9,19_53_7,0.5719295,1,0,0,0,0.4953483,0,1.36144,-1.124,53.28965,118.0097,180,
0,3_9,19_53_7,0.5769588,1,0,0,0,0.5003776,0,1.36144,-1.124,53.36509,118.0348,180,
0,3_9,19_53_7,0.5817736,1,0,0,0,0.5051924,0,1.36144,-1.124,53.48546,118.0348,180,
0,3_9,19_53_7,0.5864922,1,0,0,0,0.509911,0,1.36144,-1.124,53.57985,118.0348,180,
0,3_9,19_53_7,0.5907283,1,0,0,0,0.5141471,0,1.36144,-1.124,53.6222,117.9924,180,
0,3_9,19_53_7,0.5950057,1,0,0,0,0.5184245,0,1.36144,-1.124,53.70774,117.9497,180,
0,3_9,19_53_7,0.5994619,1,0,0,0,0.5228807,0,1.36144,-1.124,53.77459,117.9274,180,
0,3_9,19_53_7,0.6044397,1,0,0,0,0.5278585,0,1.36144,-1.124,53.92391,117.8278,180,
0,3_9,19_53_7,0.6089857,1,0,0,0,0.5324045,0,1.36144,-1.124,54.01485,117.7824,180,
0,3_9,19_53_7,0.6131697,1,0,0,0,0.5365885,0,1.36144,-1.124,54.11943,117.7196,180,
0,3_9,19_53_7,0.6188233,1,0,0,0,0.5422421,0,1.36144,-1.124,54.26079,117.55,180,
0,3_9,19_53_7,0.6239179,1,0,0,0,0.5473367,0,1.36144,-1.124,54.41363,117.4481,180,
0,3_9,19_53_7,0.6289051,1,0,0,0,0.5523239,0,1.36144,-1.124,54.51337,117.3484,180,
0,3_9,19_53_7,0.6333792,1,0,0,0,0.556798,0,1.36144,-1.124,54.60286,117.2589,180,
0,3_9,19_53_7,0.6379307,1,0,0,0,0.5613495,0,1.36144,-1.124,54.69389,117.1679,180,
0,3_9,19_53_7,0.6422501,1,0,0,0,0.5656689,0,1.36144,-1.124,54.73707,117.1031,180,
0,3_9,19_53_7,0.6500506,1,0,0,0,0.5734694,0,1.36144,-1.124,54.9711,116.8691,180,
0,3_9,19_53_7,0.6547118,1,0,0,0,0.5781306,0,1.36144,-1.124,55.04102,116.7758,180,
0,3_9,19_53_7,0.6589775,1,0,0,0,0.5823963,0,1.36144,-1.124,55.12631,116.7118,180,
0,3_9,19_53_7,0.6641414,1,0,0,0,0.5875602,0,1.36144,-1.124,55.20379,116.6086,180,
0,3_9,19_53_7,0.6686642,1,0,0,0,0.592083,0,1.36144,-1.124,55.27162,116.5181,180,
0,3_9,19_53_7,0.6729524,1,0,0,0,0.5963712,0,1.36144,-1.124,55.35738,116.4324,180,
0,3_9,19_53_7,0.6778161,1,0,0,0,0.6012349,0,1.36144,-1.124,55.43034,116.3351,180,
0,3_9,19_53_7,0.6822669,1,0,0,0,0.6056857,0,1.36144,-1.124,55.54161,116.2683,180,
0,3_9,19_53_7,0.6867804,1,0,0,0,0.6101992,0,1.36144,-1.124,55.60931,116.178,180,
0,3_9,19_53_7,0.6912769,1,0,0,0,0.6146957,0,1.36144,-1.124,55.67675,116.0881,180,
0,3_9,19_53_7,0.6957152,1,0,0,0,0.619134,0,1.36144,-1.124,55.78771,115.9772,180,
0,3_9,19_53_7,0.699952,1,0,0,0,0.6233708,0,1.36144,-1.124,55.87245,115.9136,180,
0,3_9,19_53_7,0.7041388,1,0,0,0,0.6275576,0,1.36144,-1.124,55.97712,115.8089,180,
0,3_9,19_53_7,0.7090232,1,0,0,0,0.632442,0,1.36144,-1.124,56.09923,115.7113,180,
0,3_9,19_53_7,0.7138642,1,0,0,0,0.637283,0,1.36144,-1.124,56.26865,115.5902,180,
0,3_9,19_53_7,0.7181442,1,0,0,0,0.641563,0,1.36144,-1.124,56.39706,115.5046,180,
0,3_9,19_53_7,0.722644,1,0,0,0,0.6460628,0,1.36144,-1.124,56.62204,115.3696,180,
0,3_9,19_53_7,0.7271052,1,0,0,0,0.650524,0,1.36144,-1.124,56.8005,115.2804,180,
0,3_9,19_53_7,0.7316213,1,0,0,0,0.6550401,0,1.36144,-1.124,57.04888,115.1223,180,
0,3_9,19_53_7,0.7366737,1,0,0,0,0.6600925,0,1.36144,-1.124,57.35203,114.9708,180,
0,3_9,19_53_7,0.7409142,1,0,0,0,0.664333,0,1.36144,-1.124,57.58527,114.8436,180,
0,3_9,19_53_7,0.7456795,1,0,0,0,0.6690983,0,1.36144,-1.124,57.9665,114.6529,180,
0,3_9,19_53_7,0.7506653,1,0,0,0,0.6740841,0,1.36144,-1.124,58.39027,114.4535,180,
0,3_9,19_53_7,0.7553143,1,0,0,0,0.6787331,0,1.36144,-1.124,58.71571,114.2675,180,
0,3_9,19_53_7,0.7600342,1,0,0,0,0.683453,0,1.36144,-1.124,59.14051,114.0552,180,
0,3_9,19_53_7,0.7649339,1,0,0,0,0.6883527,0,1.36144,-1.124,59.70396,113.8102,180,
0,3_9,19_53_7,0.7697222,1,0,0,0,0.693141,0,1.36144,-1.124,60.25462,113.5468,180,
0,3_9,19_53_7,0.7750536,1,0,0,0,0.6984724,0,1.36144,-1.124,60.89439,113.2269,180,
0,3_9,19_53_7,0.7802039,1,0,0,0,0.7036227,0,1.36144,-1.124,61.53817,112.8922,180,
0,3_9,19_53_7,0.785683,1,0,0,0,0.7091018,0,1.36144,-1.124,62.36003,112.5634,180,
0,3_9,19_53_7,0.7908084,1,0,0,0,0.7142272,0,1.36144,-1.124,63.00071,112.2815,180,
0,3_9,19_53_7,0.795667,1,0,0,0,0.7190858,0,1.36144,-1.124,63.63232,112.0386,180,
0,3_9,19_53_7,0.8006727,1,0,0,0,0.7240915,0,1.36144,-1.124,64.28308,111.7633,180,
0,3_9,19_53_7,0.8061709,1,0,0,0,0.7295897,0,1.36144,-1.124,64.99786,111.5433,180,
0,3_9,19_53_7,0.8107546,1,0,0,0,0.7341734,0,1.36144,-1.124,65.59372,111.36,180,
0,3_9,19_53_7,0.8150119,1,0,0,0,0.7384307,0,1.36144,-1.124,66.06203,111.2536,180,
0,3_9,19_53_7,0.8196589,1,0,0,0,0.7430777,0,1.36144,-1.124,66.68935,111.0909,180,
0,3_9,19_53_7,0.8242237,1,0,0,0,0.7476425,0,1.36144,-1.124,67.14584,110.9768,180,
0,3_9,19_53_7,0.8289605,1,0,0,0,0.7523793,0,1.36144,-1.124,67.7853,110.8821,180,
0,3_9,19_53_7,0.833846,1,0,0,0,0.7572648,0,1.36144,-1.124,68.37154,110.7843,180,
0,3_9,19_53_7,0.8398117,1,0,0,0,0.7632305,0,1.36144,-1.124,69.05761,110.7247,180,
0,3_9,19_53_7,0.8447147,1,0,0,0,0.7681335,0,1.36144,-1.124,69.89115,110.6511,180,
0,3_9,19_53_7,0.8492803,1,0,0,0,0.7726991,0,1.36144,-1.124,70.37052,110.6283,180,
0,3_9,19_53_7,0.8539797,1,0,0,0,0.7773985,0,1.36144,-1.124,70.95795,110.6283,180,
0,3_9,19_53_7,0.858387,1,0,0,0,0.7818058,0,1.36144,-1.124,71.39866,110.6283,180,
0,3_9,19_53_7,0.8630223,1,0,0,0,0.7864411,0,1.36144,-1.124,71.97808,110.6515,180,
0,3_9,19_53_7,0.869072,1,0,0,0,0.7924908,0,1.36144,-1.124,72.85527,110.6818,180,
0,3_9,19_53_7,0.8737694,1,0,0,0,0.7971882,0,1.36144,-1.124,73.39548,110.7052,180,
0,3_9,19_53_7,0.878796,1,0,0,0,0.8022148,0,1.36144,-1.124,73.92327,110.7555,180,
0,3_9,19_53_7,0.8838656,1,0,0,0,0.8072844,0,1.36144,-1.124,74.48095,110.7808,180,
0,3_9,19_53_7,0.888328,1,0,0,0,0.8117468,0,1.36144,-1.124,74.83796,110.7809,180,
0,3_9,19_53_7,0.8929697,1,0,0,0,0.8163885,0,1.36144,-1.124,75.3021,110.8273,180,
0,3_9,19_53_7,0.8979154,1,0,0,0,0.8213342,0,1.36144,-1.124,75.77196,110.852,180,
0,3_9,19_53_7,0.9023444,1,0,0,0,0.8257632,0,1.36144,-1.124,76.12627,110.8741,180,
0,3_9,19_53_7,0.910036,1,0,0,0,0.8334548,0,1.36144,-1.124,77.28001,110.8741,180,
0,3_9,19_53_7,0.916022,1,0,0,0,0.8394408,0,1.36144,-1.124,77.99833,110.8741,180,
0,3_9,19_53_7,0.921008,1,0,0,0,0.8444268,0,1.36144,-1.124,78.49695,110.8741,180,
0,3_9,19_53_7,0.9261833,1,0,0,0,0.8496021,0,1.36144,-1.124,79.06622,110.8741,180,
0,3_9,19_53_7,0.9318487,1,0,0,0,0.8552675,0,1.36144,-1.124,79.85941,110.8741,180,
0,3_9,19_53_7,0.936208,1,0,0,0,0.8596268,0,1.36144,-1.124,80.27351,110.8741,180,
0,3_9,19_53_7,0.9414066,1,0,0,0,0.8648254,0,1.36144,-1.124,80.9493,110.8481,180,
0,3_9,19_53_7,0.946338,1,0,0,0,0.8697568,0,1.36144,-1.124,81.63971,110.8481,180,
0,3_9,19_53_7,0.9519393,1,0,0,0,0.8753581,0,1.36144,-1.124,82.61996,110.7641,180,
0,3_9,19_53_7,0.9573014,1,0,0,0,0.8807202,0,1.36144,-1.124,83.63884,110.6837,180,
0,3_9,19_53_7,0.9621621,1,0,0,0,0.8855809,0,1.36144,-1.124,84.34355,110.6351,180,
0,3_9,19_53_7,0.966876,1,0,0,0,0.8902948,0,1.36144,-1.124,85.09783,110.5408,180,
0,3_9,19_53_7,0.9710576,1,0,0,0,0.8944764,0,1.36144,-1.124,85.72506,110.499,180,
0,3_9,19_53_7,0.975498,1,0,0,0,0.8989168,0,1.36144,-1.124,86.47985,110.4102,180,
0,3_9,19_53_7,0.9798413,1,0,0,0,0.9032601,0,1.36144,-1.124,87.10957,110.345,180,
0,3_9,19_53_7,0.9850788,1,0,0,0,0.9084976,0,1.36144,-1.124,88.05238,110.2665,180,
0,3_9,19_53_7,0.9898935,1,0,0,0,0.9133123,0,1.36144,-1.124,88.94353,110.1943,179.9999,
0,3_9,19_53_7,0.9947417,1,0,0,0,0.9181605,0,1.36144,-1.124,89.83929,110.1221,180,
0,3_9,19_53_7,0.9990042,1,0,0,0,0.922423,0,1.36144,-1.124,89.58551,290.0366,0,
0,3_9,19_53_7,1.003392,1,0,0,0,0.9268109,0,1.36144,-1.124,88.75102,289.9485,-7.832621E-05,
0,3_9,19_53_7,1.012348,1,0,0,0,0.9357668,0,1.36144,-1.124,87.28236,289.7482,0,
0,3_9,19_53_7,1.016929,1,0,0,0,0.940348,0,1.36144,-1.124,86.61806,289.6795,2.894529E-05,
0,3_9,19_53_7,1.021074,1,0,0,0,0.9444928,0,1.36144,-1.124,86.0378,289.5966,-2.471169E-05,
0,3_9,19_53_7,1.026103,1,0,0,0,0.9495223,0,1.36144,-1.124,85.15759,289.4708,4.045579E-05,
0,3_9,19_53_7,1.030718,1,0,0,0,0.9541369,0,1.36144,-1.124,84.32698,289.3093,0,
0,3_9,19_53_7,1.034933,1,0,0,0,0.9583514,0,1.36144,-1.124,83.73703,289.225,0,
0,3_9,19_53_7,1.03993,1,0,0,0,0.9633489,0,1.36144,-1.124,82.83741,289.0501,1.369479E-05,
0,3_9,19_53_7,1.04416,1,0,0,0,0.9675785,0,1.36144,-1.124,82.20295,288.9232,0,
0,3_9,19_53_7,1.04883,1,0,0,0,0.9722484,0,1.36144,-1.124,81.36237,288.7131,0,
0,3_9,19_53_7,1.05293,1,0,0,0,0.9763491,0,1.36144,-1.124,80.76779,288.5901,1.064315E-05,
0,3_9,19_53_7,1.057714,1,0,0,0,0.981133,0,1.36144,-1.124,79.88275,288.3508,-9.720564E-06,
0,3_9,19_53_7,1.06221,1,0,0,0,0.9856284,0,1.36144,-1.124,79.23095,288.1935,0,
0,3_9,19_53_7,1.066993,1,0,0,0,0.9904115,0,1.36144,-1.124,78.34605,287.9543,-8.453198E-06,
0,3_9,19_53_7,1.072239,1,0,0,0,0.9956581,0,1.36144,-1.124,77.29675,287.7183,7.765028E-06,
0,3_9,19_53_7,1.077066,1,0,0,0,1.000485,0,1.36144,-1.124,76.35549,287.4286,0,
0,3_9,19_53_7,1.081745,1,0,0,0,1.005164,0,1.36144,-1.124,75.39629,287.1713,0,
0,3_9,19_53_7,1.086048,1,0,0,0,1.009467,0,1.36144,-1.124,74.70783,286.9992,0,
0,3_9,19_53_7,1.090209,1,0,0,0,1.013628,0,1.36144,-1.124,73.97955,286.7911,6.187209E-06,
0,3_9,19_53_7,1.094893,1,0,0,0,1.018312,0,1.36144,-1.124,73.06634,286.5101,0,
0,3_9,19_53_7,1.099056,1,0,0,0,1.022474,0,1.36144,-1.124,72.35862,286.302,-5.634388E-06,
0,3_9,19_53_7,1.104168,1,0,0,0,1.027587,0,1.36144,-1.124,71.25945,285.9952,0,
0,3_9,19_53_7,1.10892,1,0,0,0,1.032339,0,1.36144,-1.124,70.21408,285.6626,-5.044353E-06,
0,3_9,19_53_7,1.113076,1,0,0,0,1.036495,0,1.36144,-1.124,69.48675,285.434,0,
0,3_9,19_53_7,1.117465,1,0,0,0,1.040884,0,1.36144,-1.124,68.60892,285.1048,0,
0,3_9,19_53_7,1.124953,1,0,0,0,1.048372,0,1.36144,-1.124,66.28764,284.356,0,
0,3_9,19_53_7,1.129754,1,0,0,0,1.053173,0,1.36144,-1.124,65.3034,283.9959,4.086866E-06,
0,3_9,19_53_7,1.134764,1,0,0,0,1.058182,0,1.36144,-1.124,64.1763,283.5451,3.919958E-06,
0,3_9,19_53_7,1.139091,1,0,0,0,1.06251,0,1.36144,-1.124,63.50555,283.3071,3.827628E-06,
0,3_9,19_53_7,1.143774,1,0,0,0,1.067193,0,1.36144,-1.124,62.52216,282.9091,0,
0,3_9,19_53_7,1.14813,1,0,0,0,1.071549,0,1.36144,-1.124,61.80344,282.6041,0,
0,3_9,19_53_7,1.153109,1,0,0,0,1.076528,0,1.36144,-1.124,60.75774,282.0813,6.990931E-06,
0,3_9,19_53_7,1.158006,1,0,0,0,1.081425,0,1.36144,-1.124,59.7539,281.5916,0,
0,3_9,19_53_7,1.162199,1,0,0,0,1.085617,0,1.36144,-1.124,59.04119,281.2772,0,
0,3_9,19_53_7,1.1671,1,0,0,0,1.090519,0,1.36144,-1.124,58.06092,280.738,0,
0,3_9,19_53_7,1.170865,1,0,0,0,1.094284,0,1.36144,-1.124,57.40202,280.3992,0,
0,3_9,19_53_7,1.174452,1,0,0,0,1.09787,0,1.36144,-1.124,56.82816,280.0764,3.120792E-06,
0,3_9,19_53_7,1.178257,1,0,0,0,1.101676,0,1.36144,-1.124,56.33342,279.81,-3.080218E-06,
0,3_9,19_53_8,1.182233,1,0,0,0,1.105652,0,1.36144,-1.124,55.67736,279.4521,-3.028358E-06,
0,3_9,19_53_8,1.186088,1,0,0,0,1.109506,0,1.36144,-1.124,55.02217,279.0667,0,
0,3_9,19_53_8,1.189805,1,0,0,0,1.113223,0,1.36144,-1.124,54.40884,278.695,0,
0,3_9,19_53_8,1.193726,1,0,0,0,1.117144,0,1.36144,-1.124,53.72267,278.3029,2.885861E-06,
0,3_9,19_53_8,1.199073,1,0,0,0,1.122492,0,1.36144,-1.124,52.57291,277.6077,2.809615E-06,
0,3_9,19_53_8,1.202795,1,0,0,0,1.126213,0,1.36144,-1.124,51.94033,277.2542,-2.769825E-06,
0,3_9,19_53_8,1.207631,1,0,0,0,1.13105,0,1.36144,-1.124,50.82787,276.6254,-2.703302E-06,
0,3_9,19_53_8,1.211662,1,0,0,0,1.135081,0,1.36144,-1.124,50.06205,276.2425,0,
0,3_9,19_53_8,1.215748,1,0,0,0,1.139167,0,1.36144,-1.124,49.30608,275.8543,0,
0,3_9,19_53_8,1.219662,1,0,0,0,1.14308,0,1.36144,-1.124,48.52341,275.4434,-2.578153E-06,
0,3_9,19_53_8,1.223611,1,0,0,0,1.14703,0,1.36144,-1.124,47.773,275.0682,0,
0,3_9,19_53_8,1.228061,1,0,0,0,1.15148,0,1.36144,-1.124,46.81628,274.6455,2.495174E-06,
0,3_9,19_53_8,1.232076,1,0,0,0,1.155495,0,1.36144,-1.124,46.01323,274.264,-2.458698E-06,
0,3_9,19_53_8,1.235888,1,0,0,0,1.159307,0,1.36144,-1.124,45.21264,273.9209,0,
0,3_9,19_53_8,1.239798,1,0,0,0,1.163217,0,1.36144,-1.124,44.41124,273.6082,-2.3904E-06,
0,3_9,19_53_8,1.243616,1,0,0,0,1.167034,0,1.36144,-1.124,43.59044,273.2837,0,
0,3_9,19_53_8,1.248525,1,0,0,0,1.171944,0,1.36144,-1.124,42.26476,272.7681,2.307356E-06,
0,3_9,19_53_8,1.252602,1,0,0,0,1.176021,0,1.36144,-1.124,41.36785,272.442,0,
0,3_9,19_53_8,1.256705,1,0,0,0,1.180124,0,1.36144,-1.124,40.44464,272.0522,0,
0,3_9,19_53_8,1.260971,1,0,0,0,1.18439,0,1.36144,-1.124,39.50613,271.7109,0,
0,3_9,19_53_8,1.265412,1,0,0,0,1.188831,0,1.36144,-1.124,38.26279,271.2447,2.174724E-06,
0,3_9,19_53_8,1.269489,1,0,0,0,1.192908,0,1.36144,-1.124,37.34539,270.8777,0,
0,3_9,19_53_8,1.273901,1,0,0,0,1.19732,0,1.36144,-1.124,36.33075,270.4807,0,
0,3_9,19_53_8,1.278219,1,0,0,0,1.201637,0,1.36144,-1.124,35.35925,270.1137,2.093763E-06,
0,3_9,19_53_8,1.282555,1,0,0,0,1.205974,0,1.36144,-1.124,34.14499,269.68,0,
0,3_9,19_53_8,1.287058,1,0,0,0,1.210477,0,1.36144,-1.124,33.10934,269.2972,0,
0,3_9,19_53_8,1.294192,1,0,0,0,1.21761,0,1.36144,-1.124,30.43419,268.2629,0,
0,3_9,19_53_8,1.29881,1,0,0,0,1.222228,0,1.36144,-1.124,29.1643,267.7318,9.777236E-07,
0,3_9,19_53_8,1.303198,1,0,0,0,1.226617,0,1.36144,-1.124,28.26461,267.3588,0,
0,3_9,19_53_8,1.308456,1,0,0,0,1.231875,0,1.36144,-1.124,26.50332,266.5964,-9.540344E-07,
0,3_9,19_53_8,1.312786,1,0,0,0,1.236205,0,1.36144,-1.124,25.63722,266.25,0,
0,3_9,19_53_8,1.317597,1,0,0,0,1.241015,0,1.36144,-1.124,24.36251,265.6968,0,
0,3_9,19_53_8,1.322189,1,0,0,0,1.245607,0,1.36144,-1.124,23.44409,265.2606,9.305955E-07,
0,3_9,19_53_8,1.326751,1,0,0,0,1.25017,0,1.36144,-1.124,22.41755,264.7815,9.235685E-07,
0,3_9,19_53_8,1.331337,1,0,0,0,1.254756,0,1.36144,-1.124,21.33984,264.3,9.166185E-07,
0,3_9,19_53_8,1.336335,1,0,0,0,1.259754,0,1.36144,-1.124,20.19035,263.7003,9.096718E-07,
0,3_9,19_53_8,1.341058,1,0,0,0,1.264477,0,1.36144,-1.124,19.43467,263.3224,-9.053597E-07,
0,3_9,19_53_8,1.345721,1,0,0,0,1.26914,0,1.36144,-1.124,18.52531,262.8561,-9.004309E-07,
0,3_9,19_53_8,1.350431,1,0,0,0,1.27385,0,1.36144,-1.124,17.67754,262.3851,0,
0,3_9,19_53_8,1.354929,1,0,0,0,1.278348,0,1.36144,-1.124,17.0928,262.0702,0,
0,3_9,19_53_8,1.359509,1,0,0,0,1.282928,0,1.36144,-1.124,16.38292,261.7039,0,
0,3_9,19_53_8,1.364053,1,0,0,0,1.287471,0,1.36144,-1.124,15.83769,261.4539,0,
0,3_9,19_53_8,1.368939,1,0,0,0,1.292358,0,1.36144,-1.124,15.1536,261.1119,0,
0,3_9,19_53_8,1.373424,1,0,0,0,1.296843,0,1.36144,-1.124,14.63777,260.8428,-4.412072E-07,
0,3_9,19_53_8,1.377939,1,0,0,0,1.301358,0,1.36144,-1.124,14.23146,260.6396,0,
0,3_9,19_53_8,1.382532,1,0,0,0,1.305951,0,1.36144,-1.124,13.74913,260.4099,4.394798E-07,
0,3_9,19_53_8,1.387318,1,0,0,0,1.310737,0,1.36144,-1.124,13.2706,260.1946,4.385988E-07,
0,3_9,19_53_8,1.391846,1,0,0,0,1.315265,0,1.36144,-1.124,13.02155,260.0814,-4.381538E-07,
0,3_9,19_53_8,1.396347,1,0,0,0,1.319766,0,1.36144,-1.124,12.68396,259.9239,-8.751303E-07,
0,3_9,19_53_8,1.400905,1,0,0,0,1.324324,0,1.36144,-1.124,12.45608,259.8099,4.371772E-07,
0,3_9,19_53_8,1.40745,1,0,0,0,1.330869,0,1.36144,-1.124,11.93242,259.6463,-4.363146E-07,
0,3_9,19_53_8,1.412374,1,0,0,0,1.335792,0,1.36144,-1.124,11.76011,259.5478,0,
0,3_9,19_53_8,1.416944,1,0,0,0,1.340363,0,1.36144,-1.124,11.64585,259.5021,0,
0,3_9,19_53_8,1.421374,1,0,0,0,1.344793,0,1.36144,-1.124,11.55724,259.4799,0,
0,3_9,19_53_8,1.425906,1,0,0,0,1.349325,0,1.36144,-1.124,11.51192,259.4799,0,
0,3_9,19_53_8,1.430596,1,0,0,0,1.354015,0,1.36144,-1.124,11.51192,259.4799,0,
0,3_9,19_53_8,1.43539,1,0,0,0,1.358809,0,1.36144,-1.124,11.51192,259.4799,0,
0,3_9,19_53_8,1.439806,1,0,0,0,1.363225,0,1.36144,-1.124,11.51192,259.4799,0,
0,3_9,19_53_8,1.44411,1,0,0,0,1.367529,0,1.36144,-1.124,11.51192,259.4799,0,
0,3_9,19_53_8,1.448779,1,0,0,0,1.372197,0,1.36144,-1.124,11.51192,259.4799,0,
0,3_9,19_53_8,1.45664,1,0,0,0,1.380059,0,1.36144,-1.124,11.51192,259.4799,0,
0,3_9,19_53_8,1.461288,1,0,0,0,1.384707,0,1.36144,-1.124,11.51192,259.4799,0,
0,3_9,19_53_8,1.465836,1,0,0,0,1.389255,0,1.36144,-1.124,11.51192,259.4799,0,
0,3_9,19_53_8,1.470296,1,0,0,0,1.393714,0,1.36144,-1.124,11.51192,259.4799,0,
0,3_9,19_53_8,1.474926,1,0,0,0,1.398345,0,1.36144,-1.124,11.51192,259.4799,0,
0,3_9,19_53_8,1.479705,1,0,0,0,1.403124,0,1.36144,-1.124,11.51192,259.4799,0,
0,3_9,19_53_8,1.484276,1,0,0,0,1.407695,0,1.36144,-1.124,11.51192,259.4799,0,
0,3_9,19_53_8,1.488932,1,0,0,0,1.41235,0,1.36144,-1.124,11.51192,259.4799,0,
0,3_9,19_53_8,1.493388,1,0,0,0,1.416806,0,1.36144,-1.124,11.51192,259.4799,0,
0,3_9,19_53_8,1.49821,1,0,0,0,1.421628,0,1.36144,-1.124,11.51192,259.4799,0,
0,3_9,19_53_8,1.503404,1,0,0,0,1.426822,0,1.36144,-1.124,11.51192,259.4799,0,
0,3_9,19_53_8,1.508461,1,0,0,0,1.43188,0,1.36144,-1.124,11.51192,259.4799,0,
0,3_9,19_53_8,1.512856,1,0,0,0,1.436275,0,1.36144,-1.124,11.51192,259.4799,0,
0,3_9,19_53_8,1.517345,1,0,0,0,1.440764,0,1.36144,-1.124,11.51192,259.4799,0,
0,3_9,19_53_8,1.521876,1,0,0,0,1.445294,0,1.36144,-1.124,11.51192,259.4799,0,
0,3_9,19_53_8,1.526553,1,0,0,0,1.449972,0,1.36144,-1.124,11.51192,259.4799,0,
0,3_9,19_53_8,1.530976,1,0,0,0,1.454394,0,1.36144,-1.124,11.51192,259.4799,0,
0,3_9,19_53_8,1.535554,1,0,0,0,1.458973,0,1.36144,-1.124,11.51192,259.4571,4.356507E-07,
0,3_9,19_53_8,1.540315,1,0,0,0,1.463734,0,1.36144,-1.124,11.51192,259.4571,4.356507E-07,
0,3_9,19_53_8,1.544965,1,0,0,0,1.468384,0,1.36144,-1.124,11.51192,259.4571,4.356507E-07,
0,3_9,19_53_8,1.549492,1,0,0,0,1.47291,0,1.36144,-1.124,11.51192,259.4571,4.356507E-07,
0,3_9,19_53_8,1.554628,1,0,0,0,1.478047,0,1.36144,-1.124,11.51192,259.4571,4.356507E-07,
0,3_9,19_53_8,1.559033,1,0,0,0,1.482452,0,1.36144,-1.124,11.51192,259.4571,4.356507E-07,
0,3_9,19_53_8,1.56385,1,0,0,0,1.487269,0,1.36144,-1.124,11.51192,259.4571,4.356507E-07,
0,3_9,19_53_8,1.56861,1,0,0,0,1.492029,0,1.36144,-1.124,11.51192,259.4571,4.356507E-07,
0,3_9,19_53_8,1.573187,1,0,0,0,1.496605,0,1.36144,-1.124,11.51192,259.4571,4.356507E-07,
0,3_9,19_53_8,1.57766,1,0,0,0,1.501079,0,1.36144,-1.124,11.51192,259.4571,4.356507E-07,
0,3_9,19_53_8,1.58224,1,0,0,0,1.505659,0,1.36144,-1.124,11.51192,259.4571,4.356507E-07,
0,3_9,19_53_8,1.586919,1,0,0,0,1.510338,0,1.36144,-1.124,11.51192,259.4571,4.356507E-07,
0,3_9,19_53_8,1.592428,1,0,0,0,1.515847,0,1.36144,-1.124,11.51192,259.4571,4.356507E-07,
0,3_9,19_53_8,1.597059,1,0,0,0,1.520478,0,1.36144,-1.124,11.51192,259.4571,4.356507E-07,
0,3_9,19_53_8,1.604456,1,0,0,0,1.527875,0,1.36144,-1.124,11.51192,259.4571,4.356507E-07,
0,3_9,19_53_8,1.609429,1,0,0,0,1.532848,0,1.36144,-1.124,11.51192,259.4571,4.356507E-07,
0,3_9,19_53_8,1.613919,1,0,0,0,1.537338,0,1.36144,-1.124,11.51192,259.4571,4.356507E-07,
0,3_9,19_53_8,1.618472,1,0,0,0,1.541891,0,1.36144,-1.124,11.51192,259.4571,4.356507E-07,
0,3_9,19_53_8,1.622923,1,0,0,0,1.546342,0,1.36144,-1.124,11.51192,259.4571,4.356507E-07,
0,3_9,19_53_8,1.627989,1,0,0,0,1.551408,0,1.36144,-1.124,11.51192,259.4571,4.356507E-07,
0,3_9,19_53_8,1.633255,1,0,0,0,1.556674,0,1.36144,-1.124,11.51192,259.4571,4.356507E-07,
0,3_9,19_53_8,1.637675,1,0,0,0,1.561093,0,1.36144,-1.124,11.51192,259.4571,4.356507E-07,
0,3_9,19_53_8,1.642171,1,0,0,0,1.56559,0,1.36144,-1.124,11.51192,259.4571,4.356507E-07,
0,3_9,19_53_8,1.647173,1,0,0,0,1.570592,0,1.36144,-1.124,11.51192,259.4571,4.356507E-07,
0,3_9,19_53_8,1.651712,1,0,0,0,1.57513,0,1.36144,-1.124,11.51192,259.4571,4.356507E-07,
0,3_9,19_53_8,1.656253,1,0,0,0,1.579672,0,1.36144,-1.124,11.51192,259.4571,4.356507E-07,
0,3_9,19_53_8,1.660776,1,0,0,0,1.584195,0,1.36144,-1.124,11.51192,259.4571,4.356507E-07,
0,3_9,19_53_8,1.665397,1,0,0,0,1.588816,0,1.36144,-1.124,11.51192,259.4571,4.356507E-07,
0,3_9,19_53_8,1.669935,1,0,0,0,1.593354,0,1.36144,-1.124,11.51192,259.4571,4.356507E-07,
0,3_9,19_53_8,1.674424,1,0,0,0,1.597843,0,1.36144,-1.124,11.51192,259.4571,4.356507E-07,
0,3_9,19_53_8,1.678959,1,0,0,0,1.602378,0,1.36144,-1.124,11.51192,259.4571,4.356507E-07,
0,3_9,19_53_8,1.683371,1,0,0,0,1.606789,0,1.36144,-1.124,11.51192,259.4571,4.356507E-07,
0,3_9,19_53_8,1.688007,1,0,0,0,1.611426,0,1.36144,-1.124,11.51192,259.4571,4.356507E-07,
0,3_9,19_53_8,1.692782,1,0,0,0,1.616201,0,1.36144,-1.124,11.51192,259.4571,4.356507E-07,
0,3_9,19_53_8,1.697416,1,0,0,0,1.620835,0,1.36144,-1.124,11.5351,259.457,0,
0,3_9,19_53_8,1.701924,1,0,0,0,1.625343,0,1.36144,-1.124,11.55764,259.457,4.357216E-07,
0,3_9,19_53_8,1.707053,1,0,0,0,1.630472,0,1.36144,-1.124,11.63457,259.457,-4.358416E-07,
0,3_9,19_53_8,1.712752,1,0,0,0,1.636171,0,1.36144,-1.124,11.69157,259.457,-4.359312E-07,
0,3_9,19_53_8,1.717934,1,0,0,0,1.641353,0,1.36144,-1.124,11.76928,259.5089,0,
0,3_9,19_53_8,1.723227,1,0,0,0,1.646646,0,1.36144,-1.124,11.79575,259.5353,8.721922E-07,
0,3_9,19_53_8,1.728453,1,0,0,0,1.651872,0,1.36144,-1.124,11.82188,259.6137,4.361376E-07,
0,3_9,19_53_8,1.734095,1,0,0,0,1.657514,0,1.36144,-1.124,11.8783,259.7266,-4.362277E-07,
0,3_9,19_53_8,1.739248,1,0,0,0,1.662667,0,1.36144,-1.124,11.8783,259.8296,0,
0,3_9,19_53_8,1.751224,1,0,0,0,1.674643,0,1.36144,-1.124,11.93818,260.3087,4.363239E-07,
0,3_9,19_53_8,1.760833,1,0,0,0,1.684252,0,1.36144,-1.124,11.93819,260.9332,-4.363239E-07,
0,3_9,19_53_8,1.769372,1,0,0,0,1.69279,0,1.36144,-1.124,11.93818,261.5309,0,
0,3_9,19_53_8,1.77476,1,0,0,0,1.698179,0,1.36144,-1.124,11.93818,261.8542,-4.363239E-07,
0,3_9,19_53_8,1.779861,1,0,0,0,1.70328,0,1.36144,-1.124,11.93818,262.0583,0,
0,3_9,19_53_8,1.785084,1,0,0,0,1.708502,0,1.36144,-1.124,11.93818,262.2411,0,
0,3_9,19_53_8,1.791048,1,0,0,0,1.714466,0,1.36144,-1.124,11.968,262.5095,0,
0,3_9,19_53_8,1.796032,1,0,0,0,1.71945,0,1.36144,-1.124,11.99293,262.7088,4.364122E-07,
0,3_9,19_53_8,1.801782,1,0,0,0,1.7252,0,1.36144,-1.124,11.99292,263.0251,4.364123E-07,
0,3_9,19_53_8,1.808085,1,0,0,0,1.731504,0,1.36144,-1.124,11.99292,263.4348,-4.364123E-07,
0,3_9,19_53_8,1.813908,1,0,0,0,1.737327,0,1.36144,-1.124,11.99292,263.8133,0,
0,3_9,19_53_8,1.818891,1,0,0,0,1.742309,0,1.36144,-1.124,11.96801,264.1122,0,
0,3_9,19_53_8,1.82415,1,0,0,0,1.747569,0,1.36144,-1.124,11.94172,264.4541,8.726593E-07,
0,3_9,19_53_8,1.829896,1,0,0,0,1.753315,0,1.36144,-1.124,11.91299,265,0,
0,3_9,19_53_8,1.834857,1,0,0,0,1.758276,0,1.36144,-1.124,11.91299,265.3721,0,
0,3_9,19_53_8,1.840005,1,0,0,0,1.763424,0,1.36144,-1.124,11.91299,265.7839,0,
0,3_9,19_53_8,1.845802,1,0,0,0,1.769221,0,1.36144,-1.124,11.91299,266.3636,0,
0,3_9,19_53_8,1.851066,1,0,0,0,1.774485,0,1.36144,-1.124,11.93931,266.8111,4.363257E-07,
0,3_9,19_53_8,1.85638,1,0,0,0,1.779799,0,1.36144,-1.124,12.04557,267.3955,0,
0,3_9,19_53_8,1.862111,1,0,0,0,1.785529,0,1.36144,-1.124,12.10289,267.9113,0,
0,3_9,19_53_8,1.867764,1,0,0,0,1.791183,0,1.36144,-1.124,12.21596,268.5615,-4.367768E-07,
0,3_9,19_53_8,1.873094,1,0,0,0,1.796513,0,1.36144,-1.124,12.2959,269.1477,-4.369091E-07,
0,3_9,19_53_8,1.878146,1,0,0,0,1.801564,0,1.36144,-1.124,12.32116,269.7792,0,
0,3_9,19_53_8,1.883074,1,0,0,0,1.806493,0,1.36144,-1.124,12.37044,270.4199,0,
0,3_9,19_53_8,1.888479,1,0,0,0,1.811898,0,1.36144,-1.124,12.39747,271.3388,8.741574E-07,
0,3_9,19_53_8,1.893875,1,0,0,0,1.817294,0,1.36144,-1.124,12.39747,272.0942,4.370787E-07,
0,3_9,19_53_8,1.899088,1,0,0,0,1.822506,0,1.36144,-1.124,12.39747,272.7979,8.741574E-07,
0,3_9,19_53_8,1.907796,1,0,0,0,1.831215,0,1.36144,-1.124,12.39747,274.888,4.370787E-07,
0,3_9,19_53_8,1.91377,1,0,0,0,1.837188,0,1.36144,-1.124,12.42734,275.8138,-4.371288E-07,
0,3_9,19_53_8,1.920232,1,0,0,0,1.843651,0,1.36144,-1.124,12.52428,276.654,0,
0,3_9,19_53_8,1.92585,1,0,0,0,1.849269,0,1.36144,-1.124,12.58045,277.3843,0,
0,3_9,19_53_8,1.93126,1,0,0,0,1.854679,0,1.36144,-1.124,12.63456,277.8712,8.749608E-07,
0,3_9,19_53_8,1.936491,1,0,0,0,1.859909,0,1.36144,-1.124,12.79147,278.3681,4.377508E-07,
0,3_9,19_53_8,1.941993,1,0,0,0,1.865412,0,1.36144,-1.124,12.90152,278.8083,0,
0,3_9,19_53_8,1.94738,1,0,0,0,1.870799,0,1.36144,-1.124,13.117,279.3201,0,
0,3_9,19_53_8,1.952835,1,0,0,0,1.876254,0,1.36144,-1.124,13.30794,279.7019,0,
0,3_9,19_53_8,1.958851,1,0,0,0,1.882269,0,1.36144,-1.124,13.60869,280.2433,0,
0,3_9,19_53_8,1.963951,1,0,0,0,1.887369,0,1.36144,-1.124,13.81269,280.7023,4.395994E-07,
0,3_9,19_53_8,1.970111,1,0,0,0,1.89353,0,1.36144,-1.124,14.12072,281.38,8.80375E-07,
0,3_9,19_53_8,1.975574,1,0,0,0,1.898993,0,1.36144,-1.124,14.2846,282.0082,-4.405064E-07,
0,3_9,19_53_8,1.981269,1,0,0,0,1.904688,0,1.36144,-1.124,14.51241,282.834,0,
0,3_9,19_53_8,1.987357,1,0,0,0,1.910775,0,1.36144,-1.124,14.69503,283.6254,0,
0,3_9,19_53_8,1.993583,1,0,0,0,1.917002,0,1.36144,-1.124,14.81956,284.5905,4.415753E-07,
0,3_9,19_53_8,1.998975,1,0,0,0,1.922394,0,1.36144,-1.124,14.90045,285.1028,-4.417408E-07,
0,3_9,19_53_8,2.004114,1,0,0,0,1.927533,0,1.36144,-1.124,14.92614,285.5139,0,
0,3_9,19_53_8,2.019027,1,0,0,0,1.942446,0,1.36144,-1.124,14.95916,287.1799,4.418614E-07,
0,3_9,19_53_8,2.024104,1,0,0,0,1.947523,0,1.36144,-1.124,14.95916,287.4591,0,
0,3_9,19_53_8,2.029239,1,0,0,0,1.952658,0,1.36144,-1.124,14.93348,287.7159,-4.418086E-07,
0,3_9,19_53_8,2.034827,1,0,0,0,1.958246,0,1.36144,-1.124,14.8776,288.0232,-4.416939E-07,
0,3_9,19_53_8,2.041766,1,0,0,0,1.965184,0,1.36144,-1.124,14.80821,288.3702,-4.415522E-07,
0,3_9,19_53_8,2.051,1,0,0,0,1.974419,0,1.36144,-1.124,14.57735,288.7857,-4.410859E-07,
0,3_9,19_53_8,2.05621,1,0,0,0,1.979629,0,1.36144,-1.124,14.4992,288.8899,0,
0,3_9,19_53_8,2.061958,1,0,0,0,1.985376,0,1.36144,-1.124,14.44173,288.9761,-4.408158E-07,
0,3_9,19_53_8,2.067261,1,0,0,0,1.99068,0,1.36144,-1.124,14.3887,289.0291,0,
0,3_9,19_53_8,2.073377,1,0,0,0,1.996795,0,1.36144,-1.124,14.32754,289.0903,4.405906E-07,
0,3_9,19_53_8,2.078504,1,0,0,0,2.001923,0,1.36144,-1.124,14.32754,289.1672,0,
0,3_9,19_53_8,2.083594,1,0,0,0,2.007013,0,1.36144,-1.124,14.30209,289.2945,0,
0,3_9,19_53_8,2.089051,1,0,0,0,2.01247,0,1.36144,-1.124,14.30209,289.4309,-4.405406E-07,
0,3_9,19_53_8,2.094238,1,0,0,0,2.017657,0,1.36144,-1.124,14.32803,289.6902,0,
0,3_9,19_53_8,2.100099,1,0,0,0,2.023518,0,1.36144,-1.124,14.41594,290.1884,0,
0,3_9,19_53_8,2.106266,1,0,0,0,2.029685,0,1.36144,-1.124,14.63179,290.8976,0,
0,3_9,19_53_8,2.112355,1,0,0,0,2.035774,0,1.36144,-1.124,14.87537,291.7806,4.416893E-07,
0,3_9,19_53_8,2.119367,1,0,0,0,2.042786,0,1.36144,-1.124,15.15582,293.218,0,
0,3_9,19_53_8,2.125613,1,0,0,0,2.049031,0,1.36144,-1.124,15.37443,294.2485,0,
0,3_9,19_53_8,2.131945,1,0,0,0,2.055364,0,1.36144,-1.124,15.46942,295.515,-4.42933E-07,
0,3_9,19_53_8,2.140743,1,0,0,0,2.064162,0,1.36144,-1.124,15.5574,297.4947,-4.431218E-07,
0,3_9,19_53_8,2.146895,1,0,0,0,2.070314,0,1.36144,-1.124,15.5574,298.2021,-4.431218E-07,
0,3_9,19_53_8,2.152816,1,0,0,0,2.076234,0,1.36144,-1.124,15.4982,298.8829,0,
0,3_9,19_53_8,2.158047,1,0,0,0,2.081466,0,1.36144,-1.124,15.47204,299.2753,0,
0,3_9,19_53_8,2.164239,1,0,0,0,2.087658,0,1.36144,-1.124,15.37916,299.7088,4.427405E-07,
0,3_9,19_53_8,2.17059,1,0,0,0,2.094008,0,1.36144,-1.124,15.31565,300.0898,0,
0,3_9,19_53_8,2.175873,1,0,0,0,2.099292,0,1.36144,-1.124,15.28924,300.2483,0,
0,3_9,19_53_9,2.18363,1,0,0,0,2.107049,0,1.36144,-1.124,15.21167,300.3259,4.423867E-07,
0,3_9,19_53_9,2.188655,1,0,0,0,2.112074,0,1.36144,-1.124,15.21167,300.3259,4.423867E-07,
0,3_9,19_53_9,2.19396,1,0,0,0,2.117379,0,1.36144,-1.124,15.21167,300.3259,4.423867E-07,
0,3_9,19_53_9,2.19853,1,0,0,0,2.121949,0,1.36144,-1.124,15.21167,300.3259,4.423867E-07,
0,3_9,19_53_9,2.203043,1,0,0,0,2.126462,0,1.36144,-1.124,15.21167,300.3259,4.423867E-07,
0,3_9,19_53_9,2.208071,1,0,0,0,2.13149,0,1.36144,-1.124,15.18653,300.3007,0,
0,3_9,19_53_9,2.213503,1,0,0,0,2.136921,0,1.36144,-1.124,15.10505,300.2464,4.421637E-07,
0,3_9,19_53_9,2.21884,1,0,0,0,2.142259,0,1.36144,-1.124,15.02499,300.1663,4.419975E-07,
0,3_9,19_53_9,2.224752,1,0,0,0,2.148171,0,1.36144,-1.124,14.93631,300.0185,-4.418145E-07,
0,3_9,19_53_9,2.229898,1,0,0,0,2.153317,0,1.36144,-1.124,14.85912,299.9413,4.416561E-07,
0,3_9,19_53_9,2.235832,1,0,0,0,2.159251,0,1.36144,-1.124,14.74044,299.8227,0,
0,3_9,19_53_9,2.241084,1,0,0,0,2.164503,0,1.36144,-1.124,14.60914,299.7176,4.411497E-07,
0,3_9,19_53_9,2.246424,1,0,0,0,2.169843,0,1.36144,-1.124,14.52904,299.5841,4.409894E-07,
0,3_9,19_53_9,2.251843,1,0,0,0,2.175261,0,1.36144,-1.124,14.42067,299.5029,0,
0,3_9,19_53_9,2.256893,1,0,0,0,2.180312,0,1.36144,-1.124,14.31967,299.4271,-4.405751E-07,
0,3_9,19_53_9,2.261952,1,0,0,0,2.185371,0,1.36144,-1.124,14.21848,299.3512,-4.403772E-07,
0,3_9,19_53_9,2.267145,1,0,0,0,2.190564,0,1.36144,-1.124,14.08866,299.2993,-4.401257E-07,
0,3_9,19_53_9,2.272127,1,0,0,0,2.195546,0,1.36144,-1.124,13.98902,299.2495,-4.399343E-07,
0,3_9,19_53_9,2.279108,1,0,0,0,2.202527,0,1.36144,-1.124,13.74467,299.1447,-4.394714E-07,
0,3_9,19_53_9,2.28423,1,0,0,0,2.207648,0,1.36144,-1.124,13.64225,299.0679,0,
0,3_9,19_53_9,2.289749,1,0,0,0,2.213167,0,1.36144,-1.124,13.47668,299.0127,-4.38974E-07,
0,3_9,19_53_9,2.29628,1,0,0,0,2.219699,0,1.36144,-1.124,13.28072,298.8494,0,
0,3_9,19_53_9,2.305493,1,0,0,0,2.228911,0,1.36144,-1.124,12.9583,298.527,0,
0,3_9,19_53_9,2.311112,1,0,0,0,2.234531,0,1.36144,-1.124,12.81781,298.4146,0,
0,3_9,19_53_9,2.316093,1,0,0,0,2.239511,0,1.36144,-1.124,12.7431,298.2901,0,
0,3_9,19_53_9,2.32115,1,0,0,0,2.244569,0,1.36144,-1.124,12.66724,298.189,0,
0,3_9,19_53_9,2.327351,1,0,0,0,2.25077,0,1.36144,-1.124,12.57423,298.0339,-4.373773E-07,
0,3_9,19_53_9,2.332483,1,0,0,0,2.255902,0,1.36144,-1.124,12.52291,297.88,-4.372903E-07,
0,3_9,19_53_9,2.337511,1,0,0,0,2.260929,0,1.36144,-1.124,12.47263,297.8046,0,
0,3_9,19_53_9,2.342958,1,0,0,0,2.266377,0,1.36144,-1.124,12.41816,297.6684,0,
0,3_9,19_53_9,2.349169,1,0,0,0,2.272587,0,1.36144,-1.124,12.38711,297.4821,-4.370613E-07,
0,3_9,19_53_9,2.355395,1,0,0,0,2.278814,0,1.36144,-1.124,12.3871,297.2953,-4.370613E-07,
0,3_9,19_53_9,2.36094,1,0,0,0,2.284359,0,1.36144,-1.124,12.3871,297.0735,4.370613E-07,
0,3_9,19_53_9,2.366545,1,0,0,0,2.289963,0,1.36144,-1.124,12.41513,296.8773,0,
0,3_9,19_53_9,2.372071,1,0,0,0,2.295489,0,1.36144,-1.124,12.44275,296.6839,0,
0,3_9,19_53_9,2.37714,1,0,0,0,2.300559,0,1.36144,-1.124,12.4681,296.4811,0,
0,3_9,19_53_9,2.383815,1,0,0,0,2.307233,0,1.36144,-1.124,12.50147,296.0139,4.372539E-07,
0,3_9,19_53_9,2.390064,1,0,0,0,2.313482,0,1.36144,-1.124,12.56396,295.6077,0,
0,3_9,19_53_9,2.395949,1,0,0,0,2.319368,0,1.36144,-1.124,12.65226,295.2252,-4.375106E-07,
0,3_9,19_53_9,2.401095,1,0,0,0,2.324514,0,1.36144,-1.124,12.70371,294.9164,0,
0,3_9,19_53_9,2.406728,1,0,0,0,2.330147,0,1.36144,-1.124,12.73188,294.6348,0,
0,3_9,19_53_9,2.412294,1,0,0,0,2.335713,0,1.36144,-1.124,12.73188,294.4121,-8.752952E-07,
0,3_9,19_53_9,2.418156,1,0,0,0,2.341574,0,1.36144,-1.124,12.73188,294.207,0,
0,3_9,19_53_9,2.426208,1,0,0,0,2.349626,0,1.36144,-1.124,12.73188,293.9654,-4.376476E-07,
0,3_9,19_53_9,2.430971,1,0,0,0,2.35439,0,1.36144,-1.124,12.73188,293.9654,-4.376476E-07,
0,3_9,19_53_9,2.435864,1,0,0,0,2.359283,0,1.36144,-1.124,12.73188,293.9409,0,
0,3_9,19_53_9,2.440709,1,0,0,0,2.364128,0,1.36144,-1.124,12.73188,293.9409,0,
0,3_9,19_53_9,2.445606,1,0,0,0,2.369025,0,1.36144,-1.124,12.70739,293.9409,-4.376054E-07,
0,3_9,19_53_9,2.450059,1,0,0,0,2.373478,0,1.36144,-1.124,12.70739,293.9409,-4.376054E-07,
0,3_9,19_53_9,2.454641,1,0,0,0,2.37806,0,1.36144,-1.124,12.70739,293.9409,-4.376054E-07,
0,3_9,19_53_9,2.459373,1,0,0,0,2.382792,0,1.36144,-1.124,12.70739,293.9409,-4.376054E-07,
0,3_9,19_53_9,2.463832,1,0,0,0,2.387251,0,1.36144,-1.124,12.70739,293.9409,-4.376054E-07,
0,3_9,19_53_9,2.468592,1,0,0,0,2.39201,0,1.36144,-1.124,12.70739,293.9409,-4.376054E-07,
0,3_9,19_53_9,2.473035,1,0,0,0,2.396454,0,1.36144,-1.124,12.70739,293.9409,-4.376054E-07,
0,3_9,19_53_9,2.477631,1,0,0,0,2.40105,0,1.36144,-1.124,12.70739,293.9409,-4.376054E-07,
0,3_9,19_53_9,2.482182,1,0,0,0,2.405601,0,1.36144,-1.124,12.70739,293.9409,-4.376054E-07,
0,3_9,19_53_9,2.486831,1,0,0,0,2.410249,0,1.36144,-1.124,12.70739,293.9409,-4.376054E-07,
0,3_9,19_53_9,2.491176,1,0,0,0,2.414594,0,1.36144,-1.124,12.70739,293.9409,-4.376054E-07,
0,3_9,19_53_9,2.49564,1,0,0,0,2.419058,0,1.36144,-1.124,12.70739,293.9409,-4.376054E-07,
0,3_9,19_53_9,2.500405,1,0,0,0,2.423824,0,1.36144,-1.124,12.70739,293.9409,-4.376054E-07,
0,3_9,19_53_9,2.504965,1,0,0,0,2.428384,0,1.36144,-1.124,12.70739,293.9409,-4.376054E-07,
0,3_9,19_53_9,2.509433,1,0,0,0,2.432852,0,1.36144,-1.124,12.70739,293.9409,-4.376054E-07,
0,3_9,19_53_9,2.513837,1,0,0,0,2.437256,0,1.36144,-1.124,12.70739,293.9409,-4.376054E-07,
0,3_9,19_53_9,2.51885,1,0,0,0,2.442269,0,1.36144,-1.124,12.70739,293.9409,-4.376054E-07,
0,3_9,19_53_9,2.526083,1,0,0,0,2.449502,0,1.36144,-1.124,12.70739,293.9409,-4.376054E-07,
0,3_9,19_53_9,2.530636,1,0,0,0,2.454055,0,1.36144,-1.124,12.70739,293.9409,-4.376054E-07,
0,3_9,19_53_9,2.534982,1,0,0,0,2.458401,0,1.36144,-1.124,12.70739,293.9409,-4.376054E-07,
0,3_9,19_53_9,2.54023,1,0,0,0,2.463649,0,1.36144,-1.124,12.70739,293.9409,-4.376054E-07,
0,3_9,19_53_9,2.544921,1,0,0,0,2.46834,0,1.36144,-1.124,12.68393,293.9644,-4.375651E-07,
0,3_9,19_53_9,2.54955,1,0,0,0,2.472968,0,1.36144,-1.124,12.68393,294.0107,0,
0,3_9,19_53_9,2.554948,1,0,0,0,2.478367,0,1.36144,-1.124,12.65694,294.0647,0,
0,3_9,19_53_9,2.560014,1,0,0,0,2.483433,0,1.36144,-1.124,12.63161,294.09,-4.374754E-07,
0,3_9,19_53_9,2.565974,1,0,0,0,2.489393,0,1.36144,-1.124,12.63161,294.1496,-4.374753E-07,
0,3_9,19_53_9,2.571062,1,0,0,0,2.49448,0,1.36144,-1.124,12.58074,294.175,4.373885E-07,
0,3_9,19_53_9,2.576119,1,0,0,0,2.499538,0,1.36144,-1.124,12.55545,294.2256,8.746909E-07,
0,3_9,19_53_9,2.581099,1,0,0,0,2.504518,0,1.36144,-1.124,12.55545,294.3252,-4.373454E-07,
0,3_9,19_53_9,2.586971,1,0,0,0,2.51039,0,1.36144,-1.124,12.52609,294.4133,-4.372956E-07,
0,3_9,19_53_9,2.592894,1,0,0,0,2.516312,0,1.36144,-1.124,12.52609,294.5021,-4.372956E-07,
0,3_9,19_53_9,2.59792,1,0,0,0,2.521339,0,1.36144,-1.124,12.52609,294.5775,0,
0,3_9,19_53_9,2.603148,1,0,0,0,2.526567,0,1.36144,-1.124,12.52609,294.6821,0,
0,3_9,19_53_9,2.608482,1,0,0,0,2.5319,0,1.36144,-1.124,12.52609,294.7621,4.372956E-07,
0,3_9,19_53_9,2.613958,1,0,0,0,2.537377,0,1.36144,-1.124,12.52609,294.8442,0,
0,3_9,19_53_9,2.619659,1,0,0,0,2.543078,0,1.36144,-1.124,12.52609,294.9012,0,
0,3_9,19_53_9,2.624928,1,0,0,0,2.548347,0,1.36144,-1.124,12.52609,294.9276,-4.372956E-07,
0,3_9,19_53_9,2.633027,1,0,0,0,2.556446,0,1.36144,-1.124,12.52609,295.0086,0,
0,3_9,19_53_9,2.637708,1,0,0,0,2.561126,0,1.36144,-1.124,12.52609,295.0086,0,
0,3_9,19_53_9,2.642284,1,0,0,0,2.565702,0,1.36144,-1.124,12.52609,295.0086,0,
0,3_9,19_53_9,2.647054,1,0,0,0,2.570472,0,1.36144,-1.124,12.52609,295.0086,0,
0,3_9,19_53_9,2.65187,1,0,0,0,2.575288,0,1.36144,-1.124,12.52609,295.0086,0,
0,3_9,19_53_9,2.656388,1,0,0,0,2.579807,0,1.36144,-1.124,12.52609,295.0086,0,
0,3_9,19_53_9,2.660927,1,0,0,0,2.584345,0,1.36144,-1.124,12.52609,295.0086,0,
0,3_9,19_53_9,2.665727,1,0,0,0,2.589146,0,1.36144,-1.124,12.52609,295.0086,0,
0,3_9,19_53_9,2.670583,1,0,0,0,2.594002,0,1.36144,-1.124,12.52609,295.0329,-4.372956E-07,
0,3_9,19_53_9,2.675187,1,0,0,0,2.598606,0,1.36144,-1.124,12.52609,295.0329,-4.372956E-07,
0,3_9,19_53_9,2.679742,1,0,0,0,2.60316,0,1.36144,-1.124,12.52609,295.0329,-4.372956E-07,
0,3_9,19_53_9,2.684555,1,0,0,0,2.607974,0,1.36144,-1.124,12.52609,295.0329,-4.372956E-07,
0,3_9,19_53_9,2.689324,1,0,0,0,2.612743,0,1.36144,-1.124,12.52609,295.0329,-4.372956E-07,
0,3_9,19_53_9,2.693758,1,0,0,0,2.617177,0,1.36144,-1.124,12.52609,295.0329,-4.372956E-07,
0,3_9,19_53_9,2.698451,1,0,0,0,2.62187,0,1.36144,-1.124,12.52609,295.0329,-4.372956E-07,
0,3_9,19_53_9,2.70286,1,0,0,0,2.626279,0,1.36144,-1.124,12.52609,295.0329,-4.372956E-07,
0,3_9,19_53_9,2.707462,1,0,0,0,2.630881,0,1.36144,-1.124,12.52609,295.0329,-4.372956E-07,
0,3_9,19_53_9,2.711979,1,0,0,0,2.635398,0,1.36144,-1.124,12.52609,295.0329,-4.372956E-07,
0,3_9,19_53_9,2.716396,1,0,0,0,2.639815,0,1.36144,-1.124,12.52609,295.0329,-4.372956E-07,
0,3_9,19_53_9,2.723526,1,0,0,0,2.646945,0,1.36144,-1.124,12.52609,295.0329,-4.372956E-07,
0,3_9,19_53_9,2.728377,1,0,0,0,2.651796,0,1.36144,-1.124,12.52609,295.0329,-4.372956E-07,
0,3_9,19_53_9,2.732793,1,0,0,0,2.656211,0,1.36144,-1.124,12.52609,295.0329,-4.372956E-07,
0,3_9,19_53_9,2.737423,1,0,0,0,2.660842,0,1.36144,-1.124,12.52609,295.0329,-4.372956E-07,
0,3_9,19_53_9,2.741922,1,0,0,0,2.665341,0,1.36144,-1.124,12.52609,295.0329,-4.372956E-07,
0,3_9,19_53_9,2.746566,1,0,0,0,2.669984,0,1.36144,-1.124,12.52609,295.0329,-4.372956E-07,
0,3_9,19_53_9,2.751196,1,0,0,0,2.674615,0,1.36144,-1.124,12.52609,295.0329,-4.372956E-07,
0,3_9,19_53_9,2.75599,1,0,0,0,2.679409,0,1.36144,-1.124,12.52609,295.0329,-4.372956E-07,
0,3_9,19_53_9,2.760576,1,0,0,0,2.683995,0,1.36144,-1.124,12.52609,295.0329,-4.372956E-07,
0,3_9,19_53_9,2.766128,1,0,0,0,2.689547,0,1.36144,-1.124,12.52609,295.0329,-4.372956E-07,
0,3_9,19_53_9,2.770565,1,0,0,0,2.693984,0,1.36144,-1.124,12.52609,295.0329,-4.372956E-07,
0,3_9,19_53_9,2.775697,1,0,0,0,2.699116,0,1.36144,-1.124,12.52609,295.0329,-4.372956E-07,
0,3_9,19_53_9,2.780221,1,0,0,0,2.703639,0,1.36144,-1.124,12.52609,295.0329,-4.372956E-07,
0,3_9,19_53_9,2.785041,1,0,0,0,2.70846,0,1.36144,-1.124,12.52609,295.0329,-4.372956E-07,
0,3_9,19_53_9,2.789696,1,0,0,0,2.713115,0,1.36144,-1.124,12.52609,295.0329,-4.372956E-07,
0,3_9,19_53_9,2.794197,1,0,0,0,2.717615,0,1.36144,-1.124,12.52609,295.0329,-4.372956E-07,
0,3_9,19_53_9,2.798729,1,0,0,0,2.722147,0,1.36144,-1.124,12.52609,295.0329,-4.372956E-07,
0,3_9,19_53_9,2.80321,1,0,0,0,2.726629,0,1.36144,-1.124,12.52609,295.0329,-4.372956E-07,
0,3_9,19_53_9,2.817024,1,0,0,0,2.740443,0,1.36144,-1.124,12.52609,295.0329,-4.372956E-07,
0,3_9,19_53_9,2.825032,1,0,0,0,2.748451,0,1.36144,-1.124,12.52609,295.0329,-4.372956E-07,
0,3_9,19_53_9,2.83004,1,0,0,0,2.753458,0,1.36144,-1.124,12.52609,295.0329,-4.372956E-07,
0,3_9,19_53_9,2.835296,1,0,0,0,2.758715,0,1.36144,-1.124,12.52609,295.0329,-4.372956E-07,
0,3_9,19_53_9,2.839974,1,0,0,0,2.763393,0,1.36144,-1.124,12.52609,295.0329,-4.372956E-07,
0,3_9,19_53_9,2.844428,1,0,0,0,2.767847,0,1.36144,-1.124,12.52609,295.0329,-4.372956E-07,
0,3_9,19_53_9,2.848959,1,0,0,0,2.772378,0,1.36144,-1.124,12.52609,295.0329,-4.372956E-07,
0,3_9,19_53_9,2.853293,1,0,0,0,2.776711,0,1.36144,-1.124,12.52609,295.0329,-4.372956E-07,
0,3_9,19_53_9,2.861202,1,0,0,0,2.784621,0,1.36144,-1.124,12.52609,295.0329,-4.372956E-07,

