SubjectID,Date,LocalTime,UnityTime,Phase,BlockNumber,TrialNumber,Step,TrialTime,screenFixationX,screenFixationY,gazeFixationX,gazeFixationY,gazeFixationZ,localGazeX,localGazeY,localGazeZ,leftEyePositionX,leftEyePositionY,leftEyePositionZ,rightEyePositionX,rightEyePositionY,rightEyePositionZ,leftEyeRotationX,leftEyeRotationY,leftEyeRotationZ,rightEyeRotationX,rightEyeRotationY,rightEyeRotationZ,leftEyePupilSize,rightEyePupilSize,leftEyeOpenAmount,rightEyeOpenAmount
,3_9,19_46_43,0,0,0,0,0,0,0.00, 0.00,0.00, 1.36, -1.12,0.00, 0.00, 0.00,0.00, 0.00, 0.00,0.00, 0.00, 0.00,0.00, 0.00, 0.00,0.00, 0.00, 0.00,0,0,0,0
,3_9,19_46_44,0.01999999,0,0,0,0,0.01999999,-0.59, -2.35,0.15, 2.35, -0.12,0.00, 0.00, 1.00,0.00, 0.00, 0.00,0.00, 0.00, 0.00,0.00, 0.00, 0.00,0.00, 0.00, 0.00,0,0,0,0
,3_9,19_46_44,0.065658,0,0,0,0,0.065658,-0.69, -2.34,0.14, 2.35, -0.12,0.00, 0.00, 1.00,0.00, 0.00, 0.00,0.00, 0.00, 0.00,0.00, 0.00, 0.00,0.00, 0.00, 0.00,0,0,0,0
,3_9,19_46_44,0.0727969,0,0,0,0,0.0727969,-0.69, -2.34,0.14, 2.35, -0.12,0.00, 0.00, 1.00,0.00, 0.00, 0.00,0.00, 0.00, 0.00,0.00, 0.00, 0.00,0.00, 0.00, 0.00,0,0,0,0
,3_9,19_46_44,0.07697679,0,0,0,0,0.07697679,-0.69, -2.34,0.14, 2.35, -0.12,0.00, 0.00, 1.00,0.00, 0.00, 0.00,0.00, 0.00, 0.00,0.00, 0.00, 0.00,0.00, 0.00, 0.00,0,0,0,0
,3_9,19_46_44,0.08028989,0,0,0,0,0.08028989,-0.70, -2.34,0.14, 2.35, -0.12,0.00, 0.00, 1.00,0.00, 0.00, 0.00,0.00, 0.00, 0.00,0.00, 0.00, 0.00,0.00, 0.00, 0.00,0,0,0,0
,3_9,19_46_44,0.08344309,0,0,0,0,0.08344309,-0.70, -2.34,0.14, 2.35, -0.12,0.00, 0.00, 1.00,0.00, 0.00, 0.00,0.00, 0.00, 0.00,0.00, 0.00, 0.00,0.00, 0.00, 0.00,0,0,0,0
,3_9,19_46_44,0.08659779,0,0,0,0,0.08659779,-0.70, -2.34,0.14, 2.35, -0.12,0.00, 0.00, 1.00,0.00, 0.00, 0.00,0.00, 0.00, 0.00,0.00, 0.00, 0.00,0.00, 0.00, 0.00,0,0,0,0
,3_9,19_46_44,0.08944819,0,0,0,0,0.08944819,-0.70, -2.34,0.14, 2.35, -0.12,0.00, 0.00, 1.00,0.00, 0.00, 0.00,0.00, 0.00, 0.00,0.00, 0.00, 0.00,0.00, 0.00, 0.00,0,0,0,0
,3_9,19_46_44,0.09296039,0,0,0,0,0.09296039,-0.70, -2.34,0.14, 2.35, -0.12,0.00, 0.00, 1.00,0.00, 0.00, 0.00,0.00, 0.00, 0.00,0.00, 0.00, 0.00,0.00, 0.00, 0.00,0,0,0,0
,3_9,19_46_44,0.0959198,0,0,0,0,0.0959198,-0.70, -2.34,0.14, 2.35, -0.12,0.00, 0.00, 1.00,0.00, 0.00, 0.00,0.00, 0.00, 0.00,0.00, 0.00, 0.00,0.00, 0.00, 0.00,0,0,0,0
,3_9,19_46_44,0.0988095,0,0,0,0,0.0988095,-0.70, -2.34,0.14, 2.35, -0.12,0.00, 0.00, 1.00,0.00, 0.00, 0.00,0.00, 0.00, 0.00,0.00, 0.00, 0.00,0.00, 0.00, 0.00,0,0,0,0
,3_9,19_46_44,0.1018033,0,0,0,0,0.1018033,-0.70, -2.34,0.14, 2.35, -0.12,0.00, 0.00, 1.00,0.00, 0.00, 0.00,0.00, 0.00, 0.00,0.00, 0.00, 0.00,0.00, 0.00, 0.00,0,0,0,0
,3_9,19_46_44,0.1050689,0,0,0,0,0.1050689,-0.70, -2.34,0.14, 2.35, -0.12,0.00, 0.00, 1.00,0.00, 0.00, 0.00,0.00, 0.00, 0.00,0.00, 0.00, 0.00,0.00, 0.00, 0.00,0,0,0,0
,3_9,19_46_44,0.1079112,0,0,0,0,0.1079112,-0.70, -2.34,0.14, 2.35, -0.12,0.00, 0.00, 1.00,0.00, 0.00, 0.00,0.00, 0.00, 0.00,0.00, 0.00, 0.00,0.00, 0.00, 0.00,0,0,0,0
,3_9,19_46_44,0.1108654,0,0,0,0,0.1108654,-0.70, -2.34,0.14, 2.35, -0.12,0.00, 0.00, 1.00,0.00, 0.00, 0.00,0.00, 0.00, 0.00,0.00, 0.00, 0.00,0.00, 0.00, 0.00,0,0,0,0
,3_9,19_46_44,0.1137412,0,0,0,0,0.1137412,-0.70, -2.34,0.14, 2.35, -0.12,0.00, 0.00, 1.00,0.00, 0.00, 0.00,0.00, 0.00, 0.00,0.00, 0.00, 0.00,0.00, 0.00, 0.00,0,0,0,0
,3_9,19_46_44,0.1170682,0,0,0,0,0.1170682,-0.70, -2.34,0.14, 2.35, -0.12,0.00, 0.00, 1.00,0.00, 0.00, 0.00,0.00, 0.00, 0.00,0.00, 0.00, 0.00,0.00, 0.00, 0.00,0,0,0,0
,3_9,19_46_44,0.1200099,0,0,0,0,0.1200099,-0.70, -2.34,0.14, 2.35, -0.12,0.00, 0.00, 1.00,0.00, 0.00, 0.00,0.00, 0.00, 0.00,0.00, 0.00, 0.00,0.00, 0.00, 0.00,0,0,0,0
,3_9,19_46_44,0.1231339,0,0,0,0,0.1231339,-0.70, -2.34,0.14, 2.35, -0.12,0.00, 0.00, 1.00,0.00, 0.00, 0.00,0.00, 0.00, 0.00,0.00, 0.00, 0.00,0.00, 0.00, 0.00,0,0,0,0
,3_9,19_46_44,0.1264185,0,0,0,0,0.1264185,-0.69, -2.34,0.14, 2.35, -0.12,0.00, 0.00, 1.00,0.00, 0.00, 0.00,0.00, 0.00, 0.00,0.00, 0.00, 0.00,0.00, 0.00, 0.00,0,0,0,0
,3_9,19_46_44,0.1295137,0,0,0,0,0.1295137,-0.69, -2.34,0.14, 2.35, -0.12,0.00, 0.00, 1.00,0.00, 0.00, 0.00,0.00, 0.00, 0.00,0.00, 0.00, 0.00,0.00, 0.00, 0.00,0,0,0,0
,3_9,19_46_44,0.1324267,0,0,0,0,0.1324267,-0.69, -2.34,0.14, 2.35, -0.12,0.00, 0.00, 1.00,0.00, 0.00, 0.00,0.00, 0.00, 0.00,0.00, 0.00, 0.00,0.00, 0.00, 0.00,0,0,0,0
,3_9,19_46_44,0.1358407,0,0,0,0,0.1358407,-0.70, -2.34,0.14, 2.35, -0.12,0.00, 0.00, 1.00,0.00, 0.00, 0.00,0.00, 0.00, 0.00,0.00, 0.00, 0.00,0.00, 0.00, 0.00,0,0,0,0
,3_9,19_46_44,0.1388783,0,0,0,0,0.1388783,-0.70, -2.34,0.14, 2.35, -0.12,0.00, 0.00, 1.00,0.00, 0.00, 0.00,0.00, 0.00, 0.00,0.00, 0.00, 0.00,0.00, 0.00, 0.00,0,0,0,0
,3_9,19_46_44,0.1419844,0,0,0,0,0.1419844,-0.70, -2.34,0.14, 2.35, -0.12,0.00, 0.00, 1.00,0.00, 0.00, 0.00,0.00, 0.00, 0.00,0.00, 0.00, 0.00,0.00, 0.00, 0.00,0,0,0,0
,3_9,19_46_44,0.1455538,0,0,0,0,0.1455538,-0.70, -2.34,0.14, 2.35, -0.12,0.00, 0.00, 1.00,0.00, 0.00, 0.00,0.00, 0.00, 0.00,0.00, 0.00, 0.00,0.00, 0.00, 0.00,0,0,0,0
,3_9,19_46_44,0.1492905,0,0,0,0,0.1492905,-0.70, -2.34,0.14, 2.35, -0.12,0.00, 0.00, 1.00,0.00, 0.00, 0.00,0.00, 0.00, 0.00,0.00, 0.00, 0.00,0.00, 0.00, 0.00,0,0,0,0
,3_9,19_46_44,0.1522819,0,0,0,0,0.1522819,-0.70, -2.34,0.14, 2.35, -0.12,0.00, 0.00, 1.00,0.00, 0.00, 0.00,0.00, 0.00, 0.00,0.00, 0.00, 0.00,0.00, 0.00, 0.00,0,0,0,0
,3_9,19_46_44,0.1551557,0,0,0,0,0.1551557,-0.70, -2.34,0.14, 2.35, -0.12,0.00, 0.00, 1.00,0.00, 0.00, 0.00,0.00, 0.00, 0.00,0.00, 0.00, 0.00,0.00, 0.00, 0.00,0,0,0,0
,3_9,19_46_44,0.1579811,0,0,0,0,0.1579811,-0.70, -2.34,0.14, 2.35, -0.12,0.00, 0.00, 1.00,0.00, 0.00, 0.00,0.00, 0.00, 0.00,0.00, 0.00, 0.00,0.00, 0.00, 0.00,0,0,0,0
,3_9,19_46_44,0.1609657,0,0,0,0,0.1609657,-0.70, -2.34,0.14, 2.35, -0.12,0.00, 0.00, 1.00,0.00, 0.00, 0.00,0.00, 0.00, 0.00,0.00, 0.00, 0.00,0.00, 0.00, 0.00,0,0,0,0
,3_9,19_46_44,0.1642506,0,0,0,0,0.1642506,-0.70, -2.34,0.14, 2.35, -0.12,0.00, 0.00, 1.00,0.00, 0.00, 0.00,0.00, 0.00, 0.00,0.00, 0.00, 0.00,0.00, 0.00, 0.00,0,0,0,0
,3_9,19_46_44,0.1676787,0,0,0,0,0.1676787,-0.70, -2.34,0.14, 2.35, -0.12,0.00, 0.00, 1.00,0.00, 0.00, 0.00,0.00, 0.00, 0.00,0.00, 0.00, 0.00,0.00, 0.00, 0.00,0,0,0,0
,3_9,19_46_44,0.1706254,0,0,0,0,0.1706254,-0.70, -2.34,0.14, 2.35, -0.12,0.00, 0.00, 1.00,0.00, 0.00, 0.00,0.00, 0.00, 0.00,0.00, 0.00, 0.00,0.00, 0.00, 0.00,0,0,0,0
,3_9,19_46_44,0.1737165,0,0,0,0,0.1737165,-0.70, -2.34,0.14, 2.35, -0.12,0.00, 0.00, 1.00,0.00, 0.00, 0.00,0.00, 0.00, 0.00,0.00, 0.00, 0.00,0.00, 0.00, 0.00,0,0,0,0
,3_9,19_46_44,0.1766041,0,0,0,0,0.1766041,-0.70, -2.34,0.14, 2.35, -0.12,0.00, 0.00, 1.00,0.00, 0.00, 0.00,0.00, 0.00, 0.00,0.00, 0.00, 0.00,0.00, 0.00, 0.00,0,0,0,0
,3_9,19_46_44,0.1795591,0,0,0,0,0.1795591,-0.70, -2.34,0.14, 2.35, -0.12,0.00, 0.00, 1.00,0.00, 0.00, 0.00,0.00, 0.00, 0.00,0.00, 0.00, 0.00,0.00, 0.00, 0.00,0,0,0,0
,3_9,19_46_44,0.1823848,0,0,0,0,0.1823848,-0.70, -2.34,0.14, 2.35, -0.12,0.00, 0.00, 1.00,0.00, 0.00, 0.00,0.00, 0.00, 0.00,0.00, 0.00, 0.00,0.00, 0.00, 0.00,0,0,0,0
,3_9,19_46_44,0.1854163,0,0,0,0,0.1854163,-0.70, -2.34,0.14, 2.35, -0.12,0.00, 0.00, 1.00,0.00, 0.00, 0.00,0.00, 0.00, 0.00,0.00, 0.00, 0.00,0.00, 0.00, 0.00,0,0,0,0
,3_9,19_46_44,0.1885593,0,0,0,0,0.1885593,-0.70, -2.34,0.14, 2.35, -0.12,0.00, 0.00, 1.00,0.00, 0.00, 0.00,0.00, 0.00, 0.00,0.00, 0.00, 0.00,0.00, 0.00, 0.00,0,0,0,0
,3_9,19_46_44,0.1914729,0,0,0,0,0.1914729,-0.70, -2.34,0.14, 2.35, -0.12,0.00, 0.00, 1.00,0.00, 0.00, 0.00,0.00, 0.00, 0.00,0.00, 0.00, 0.00,0.00, 0.00, 0.00,0,0,0,0
,3_9,19_46_44,0.1949359,0,0,0,0,0.1949359,-0.70, -2.34,0.14, 2.35, -0.12,0.00, 0.00, 1.00,0.00, 0.00, 0.00,0.00, 0.00, 0.00,0.00, 0.00, 0.00,0.00, 0.00, 0.00,0,0,0,0
,3_9,19_46_44,0.1984872,0,0,0,0,0.1984872,-0.70, -2.34,0.14, 2.35, -0.12,0.00, 0.00, 1.00,0.00, 0.00, 0.00,0.00, 0.00, 0.00,0.00, 0.00, 0.00,0.00, 0.00, 0.00,0,0,0,0
,3_9,19_46_44,0.2017629,0,0,0,0,0.2017629,-0.70, -2.34,0.14, 2.35, -0.12,0.00, 0.00, 1.00,0.00, 0.00, 0.00,0.00, 0.00, 0.00,0.00, 0.00, 0.00,0.00, 0.00, 0.00,0,0,0,0
,3_9,19_46_44,0.2052266,0,0,0,0,0.2052266,-0.70, -2.34,0.14, 2.35, -0.12,0.00, 0.00, 1.00,0.00, 0.00, 0.00,0.00, 0.00, 0.00,0.00, 0.00, 0.00,0.00, 0.00, 0.00,0,0,0,0
,3_9,19_46_44,0.2081941,0,0,0,0,0.2081941,-0.70, -2.34,0.14, 2.35, -0.12,0.00, 0.00, 1.00,0.00, 0.00, 0.00,0.00, 0.00, 0.00,0.00, 0.00, 0.00,0.00, 0.00, 0.00,0,0,0,0
,3_9,19_46_44,0.2112336,0,0,0,0,0.2112336,-0.70, -2.34,0.14, 2.35, -0.12,0.00, 0.00, 1.00,0.00, 0.00, 0.00,0.00, 0.00, 0.00,0.00, 0.00, 0.00,0.00, 0.00, 0.00,0,0,0,0
,3_9,19_46_44,0.2148732,0,0,0,0,0.2148732,-0.70, -2.34,0.14, 2.35, -0.12,0.00, 0.00, 1.00,0.00, 0.00, 0.00,0.00, 0.00, 0.00,0.00, 0.00, 0.00,0.00, 0.00, 0.00,0,0,0,0
,3_9,19_46_44,0.2179663,0,0,0,0,0.2179663,-0.70, -2.34,0.14, 2.35, -0.12,0.00, 0.00, 1.00,0.00, 0.00, 0.00,0.00, 0.00, 0.00,0.00, 0.00, 0.00,0.00, 0.00, 0.00,0,0,0,0
,3_9,19_46_44,0.2213559,0,0,0,0,0.2213559,-0.70, -2.34,0.14, 2.35, -0.12,0.00, 0.00, 1.00,0.00, 0.00, 0.00,0.00, 0.00, 0.00,0.00, 0.00, 0.00,0.00, 0.00, 0.00,0,0,0,0
,3_9,19_46_44,0.2251647,0,0,0,0,0.2251647,-0.70, -2.34,0.14, 2.35, -0.12,0.00, 0.00, 1.00,0.00, 0.00, 0.00,0.00, 0.00, 0.00,0.00, 0.00, 0.00,0.00, 0.00, 0.00,0,0,0,0
,3_9,19_46_44,0.2282641,0,0,0,0,0.2282641,-0.70, -2.34,0.14, 2.35, -0.12,0.00, 0.00, 1.00,0.00, 0.00, 0.00,0.00, 0.00, 0.00,0.00, 0.00, 0.00,0.00, 0.00, 0.00,0,0,0,0
,3_9,19_46_44,0.2313217,0,0,0,0,0.2313217,-0.70, -2.34,0.14, 2.35, -0.12,0.00, 0.00, 1.00,0.00, 0.00, 0.00,0.00, 0.00, 0.00,0.00, 0.00, 0.00,0.00, 0.00, 0.00,0,0,0,0
,3_9,19_46_44,0.2344035,0,0,0,0,0.2344035,-0.70, -2.34,0.14, 2.35, -0.12,0.00, 0.00, 1.00,0.00, 0.00, 0.00,0.00, 0.00, 0.00,0.00, 0.00, 0.00,0.00, 0.00, 0.00,0,0,0,0
,3_9,19_46_44,0.2375834,0,0,0,0,0.2375834,-0.70, -2.34,0.14, 2.35, -0.12,0.00, 0.00, 1.00,0.00, 0.00, 0.00,0.00, 0.00, 0.00,0.00, 0.00, 0.00,0.00, 0.00, 0.00,0,0,0,0
,3_9,19_46_44,0.2407054,0,0,0,0,0.2407054,-0.70, -2.34,0.14, 2.35, -0.12,0.00, 0.00, 1.00,0.00, 0.00, 0.00,0.00, 0.00, 0.00,0.00, 0.00, 0.00,0.00, 0.00, 0.00,0,0,0,0
,3_9,19_46_44,0.2440617,0,0,0,0,0.2440617,-0.70, -2.34,0.14, 2.35, -0.12,0.00, 0.00, 1.00,0.00, 0.00, 0.00,0.00, 0.00, 0.00,0.00, 0.00, 0.00,0.00, 0.00, 0.00,0,0,0,0
,3_9,19_46_44,0.2472095,0,0,0,0,0.2472095,-0.70, -2.34,0.14, 2.35, -0.12,0.00, 0.00, 1.00,0.00, 0.00, 0.00,0.00, 0.00, 0.00,0.00, 0.00, 0.00,0.00, 0.00, 0.00,0,0,0,0
,3_9,19_46_44,0.2512808,0,0,0,0,0.2512808,-0.70, -2.34,0.14, 2.35, -0.12,0.00, 0.00, 1.00,0.00, 0.00, 0.00,0.00, 0.00, 0.00,0.00, 0.00, 0.00,0.00, 0.00, 0.00,0,0,0,0
,3_9,19_46_44,0.2549285,0,0,0,0,0.2549285,-0.70, -2.34,0.14, 2.35, -0.12,0.00, 0.00, 1.00,0.00, 0.00, 0.00,0.00, 0.00, 0.00,0.00, 0.00, 0.00,0.00, 0.00, 0.00,0,0,0,0
,3_9,19_46_44,0.2579819,0,0,0,0,0.2579819,-0.70, -2.34,0.14, 2.35, -0.12,0.00, 0.00, 1.00,0.00, 0.00, 0.00,0.00, 0.00, 0.00,0.00, 0.00, 0.00,0.00, 0.00, 0.00,0,0,0,0
,3_9,19_46_44,0.2609865,0,0,0,0,0.2609865,-0.70, -2.34,0.14, 2.35, -0.12,0.00, 0.00, 1.00,0.00, 0.00, 0.00,0.00, 0.00, 0.00,0.00, 0.00, 0.00,0.00, 0.00, 0.00,0,0,0,0
,3_9,19_46_44,0.2640665,0,0,0,0,0.2640665,-0.70, -2.34,0.14, 2.35, -0.12,0.00, 0.00, 1.00,0.00, 0.00, 0.00,0.00, 0.00, 0.00,0.00, 0.00, 0.00,0.00, 0.00, 0.00,0,0,0,0
,3_9,19_46_44,0.2670482,0,0,0,0,0.2670482,-0.70, -2.34,0.14, 2.35, -0.12,0.00, 0.00, 1.00,0.00, 0.00, 0.00,0.00, 0.00, 0.00,0.00, 0.00, 0.00,0.00, 0.00, 0.00,0,0,0,0
,3_9,19_46_44,0.2698751,0,0,0,0,0.2698751,-0.70, -2.34,0.14, 2.35, -0.12,0.00, 0.00, 1.00,0.00, 0.00, 0.00,0.00, 0.00, 0.00,0.00, 0.00, 0.00,0.00, 0.00, 0.00,0,0,0,0
,3_9,19_46_44,0.2732326,0,0,0,0,0.2732326,-0.70, -2.34,0.14, 2.35, -0.12,0.00, 0.00, 1.00,0.00, 0.00, 0.00,0.00, 0.00, 0.00,0.00, 0.00, 0.00,0.00, 0.00, 0.00,0,0,0,0
,3_9,19_46_44,0.2764636,0,0,0,0,0.2764636,-0.70, -2.34,0.14, 2.35, -0.12,0.00, 0.00, 1.00,0.00, 0.00, 0.00,0.00, 0.00, 0.00,0.00, 0.00, 0.00,0.00, 0.00, 0.00,0,0,0,0
,3_9,19_46_44,0.2792978,0,0,0,0,0.2792978,-0.70, -2.34,0.14, 2.35, -0.12,0.00, 0.00, 1.00,0.00, 0.00, 0.00,0.00, 0.00, 0.00,0.00, 0.00, 0.00,0.00, 0.00, 0.00,0,0,0,0
,3_9,19_46_44,0.2821523,0,0,0,0,0.2821523,-0.70, -2.34,0.14, 2.35, -0.12,0.00, 0.00, 1.00,0.00, 0.00, 0.00,0.00, 0.00, 0.00,0.00, 0.00, 0.00,0.00, 0.00, 0.00,0,0,0,0
,3_9,19_46_44,0.2854092,0,0,0,0,0.2854092,-0.70, -2.34,0.14, 2.35, -0.12,0.00, 0.00, 1.00,0.00, 0.00, 0.00,0.00, 0.00, 0.00,0.00, 0.00, 0.00,0.00, 0.00, 0.00,0,0,0,0
,3_9,19_46_44,0.2888289,0,0,0,0,0.2888289,-0.70, -2.34,0.14, 2.35, -0.12,0.00, 0.00, 1.00,0.00, 0.00, 0.00,0.00, 0.00, 0.00,0.00, 0.00, 0.00,0.00, 0.00, 0.00,0,0,0,0
,3_9,19_46_44,0.2917165,0,0,0,0,0.2917165,-0.70, -2.34,0.14, 2.35, -0.12,0.00, 0.00, 1.00,0.00, 0.00, 0.00,0.00, 0.00, 0.00,0.00, 0.00, 0.00,0.00, 0.00, 0.00,0,0,0,0
,3_9,19_46_44,0.2945498,0,0,0,0,0.2945498,-0.70, -2.34,0.14, 2.35, -0.12,0.00, 0.00, 1.00,0.00, 0.00, 0.00,0.00, 0.00, 0.00,0.00, 0.00, 0.00,0.00, 0.00, 0.00,0,0,0,0
,3_9,19_46_44,0.2973929,0,0,0,0,0.2973929,-0.70, -2.34,0.14, 2.35, -0.12,0.00, 0.00, 1.00,0.00, 0.00, 0.00,0.00, 0.00, 0.00,0.00, 0.00, 0.00,0.00, 0.00, 0.00,0,0,0,0
,3_9,19_46_44,0.300275,0,0,0,0,0.300275,-0.70, -2.34,0.14, 2.35, -0.12,0.00, 0.00, 1.00,0.00, 0.00, 0.00,0.00, 0.00, 0.00,0.00, 0.00, 0.00,0.00, 0.00, 0.00,0,0,0,0
,3_9,19_46_44,0.3031768,0,0,0,0,0.3031768,-0.70, -2.34,0.14, 2.35, -0.12,0.00, 0.00, 1.00,0.00, 0.00, 0.00,0.00, 0.00, 0.00,0.00, 0.00, 0.00,0.00, 0.00, 0.00,0,0,0,0
,3_9,19_46_44,0.3061434,0,0,0,0,0.3061434,-0.70, -2.34,0.14, 2.35, -0.12,0.00, 0.00, 1.00,0.00, 0.00, 0.00,0.00, 0.00, 0.00,0.00, 0.00, 0.00,0.00, 0.00, 0.00,0,0,0,0
,3_9,19_46_44,0.3090503,0,0,0,0,0.3090503,-0.70, -2.34,0.14, 2.35, -0.12,0.00, 0.00, 1.00,0.00, 0.00, 0.00,0.00, 0.00, 0.00,0.00, 0.00, 0.00,0.00, 0.00, 0.00,0,0,0,0
,3_9,19_46_44,0.3119227,0,0,0,0,0.3119227,-0.70, -2.34,0.14, 2.35, -0.12,0.00, 0.00, 1.00,0.00, 0.00, 0.00,0.00, 0.00, 0.00,0.00, 0.00, 0.00,0.00, 0.00, 0.00,0,0,0,0
,3_9,19_46_44,0.3153453,0,0,0,0,0.3153453,-0.70, -2.34,0.14, 2.35, -0.12,0.00, 0.00, 1.00,0.00, 0.00, 0.00,0.00, 0.00, 0.00,0.00, 0.00, 0.00,0.00, 0.00, 0.00,0,0,0,0
,3_9,19_46_44,0.3183118,0,0,0,0,0.3183118,-0.70, -2.34,0.14, 2.35, -0.12,0.00, 0.00, 1.00,0.00, 0.00, 0.00,0.00, 0.00, 0.00,0.00, 0.00, 0.00,0.00, 0.00, 0.00,0,0,0,0
,3_9,19_46_44,0.32139,0,0,0,0,0.32139,-0.70, -2.34,0.14, 2.35, -0.12,0.00, 0.00, 1.00,0.00, 0.00, 0.00,0.00, 0.00, 0.00,0.00, 0.00, 0.00,0.00, 0.00, 0.00,0,0,0,0
,3_9,19_46_44,0.3243087,0,0,0,0,0.3243087,-0.70, -2.34,0.14, 2.35, -0.12,0.00, 0.00, 1.00,0.00, 0.00, 0.00,0.00, 0.00, 0.00,0.00, 0.00, 0.00,0.00, 0.00, 0.00,0,0,0,0
,3_9,19_46_44,0.3271437,0,0,0,0,0.3271437,-0.70, -2.34,0.14, 2.35, -0.12,0.00, 0.00, 1.00,0.00, 0.00, 0.00,0.00, 0.00, 0.00,0.00, 0.00, 0.00,0.00, 0.00, 0.00,0,0,0,0
,3_9,19_46_44,0.329957,0,0,0,0,0.329957,-0.70, -2.34,0.14, 2.35, -0.12,0.00, 0.00, 1.00,0.00, 0.00, 0.00,0.00, 0.00, 0.00,0.00, 0.00, 0.00,0.00, 0.00, 0.00,0,0,0,0
,3_9,19_46_44,0.3329893,0,0,0,0,0.3329893,-0.70, -2.34,0.14, 2.35, -0.12,0.00, 0.00, 1.00,0.00, 0.00, 0.00,0.00, 0.00, 0.00,0.00, 0.00, 0.00,0.00, 0.00, 0.00,0,0,0,0
,3_9,19_46_44,0.3358731,0,0,0,0,0.3358731,-0.70, -2.34,0.14, 2.35, -0.12,0.00, 0.00, 1.00,0.00, 0.00, 0.00,0.00, 0.00, 0.00,0.00, 0.00, 0.00,0.00, 0.00, 0.00,0,0,0,0
,3_9,19_46_44,0.338687,0,0,0,0,0.338687,-0.70, -2.34,0.14, 2.35, -0.12,0.00, 0.00, 1.00,0.00, 0.00, 0.00,0.00, 0.00, 0.00,0.00, 0.00, 0.00,0.00, 0.00, 0.00,0,0,0,0
,3_9,19_46_44,0.3416028,0,0,0,0,0.3416028,-0.70, -2.34,0.14, 2.35, -0.12,0.00, 0.00, 1.00,0.00, 0.00, 0.00,0.00, 0.00, 0.00,0.00, 0.00, 0.00,0.00, 0.00, 0.00,0,0,0,0
,3_9,19_46_44,0.3449996,0,0,0,0,0.3449996,-0.70, -2.34,0.14, 2.35, -0.12,0.00, 0.00, 1.00,0.00, 0.00, 0.00,0.00, 0.00, 0.00,0.00, 0.00, 0.00,0.00, 0.00, 0.00,0,0,0,0
,3_9,19_46_44,0.3479707,0,0,0,0,0.3479707,-0.70, -2.34,0.14, 2.35, -0.12,0.00, 0.00, 1.00,0.00, 0.00, 0.00,0.00, 0.00, 0.00,0.00, 0.00, 0.00,0.00, 0.00, 0.00,0,0,0,0
,3_9,19_46_44,0.3516985,0,0,0,0,0.3516985,-0.71, -2.36,0.14, 2.35, -0.12,0.00, 0.00, 1.00,0.00, 0.00, 0.00,0.00, 0.00, 0.00,0.00, 0.00, 0.00,0.00, 0.00, 0.00,0,0,0,0
,3_9,19_46_44,0.3554719,0,0,0,0,0.3554719,-0.71, -2.37,0.14, 2.35, -0.12,0.00, 0.00, 1.00,0.00, 0.00, 0.00,0.00, 0.00, 0.00,0.00, 0.00, 0.00,0.00, 0.00, 0.00,0,0,0,0
,3_9,19_46_44,0.3593866,0,0,0,0,0.3593866,-0.72, -2.38,0.14, 2.35, -0.12,0.00, 0.00, 1.00,0.00, 0.00, 0.00,0.00, 0.00, 0.00,0.00, 0.00, 0.00,0.00, 0.00, 0.00,0,0,0,0
,3_9,19_46_44,0.3631263,0,0,0,0,0.3631263,-0.72, -2.40,0.14, 2.35, -0.12,0.00, 0.00, 1.00,0.00, 0.00, 0.00,0.00, 0.00, 0.00,0.00, 0.00, 0.00,0.00, 0.00, 0.00,0,0,0,0
,3_9,19_46_44,0.3678182,0,0,0,0,0.3678182,-0.73, -2.44,0.14, 2.35, -0.12,0.00, 0.00, 1.00,0.00, 0.00, 0.00,0.00, 0.00, 0.00,0.00, 0.00, 0.00,0.00, 0.00, 0.00,0,0,0,0
,3_9,19_46_44,0.3717319,0,0,0,0,0.3717319,-0.74, -2.47,0.14, 2.35, -0.12,0.00, 0.00, 1.00,0.00, 0.00, 0.00,0.00, 0.00, 0.00,0.00, 0.00, 0.00,0.00, 0.00, 0.00,0,0,0,0
,3_9,19_46_44,0.375372,0,0,0,0,0.375372,-0.75, -2.49,0.14, 2.35, -0.12,0.00, 0.00, 1.00,0.00, 0.00, 0.00,0.00, 0.00, 0.00,0.00, 0.00, 0.00,0.00, 0.00, 0.00,0,0,0,0
,3_9,19_46_44,0.3792575,0,0,0,0,0.3792575,-0.76, -2.53,0.14, 2.35, -0.12,0.00, 0.00, 1.00,0.00, 0.00, 0.00,0.00, 0.00, 0.00,0.00, 0.00, 0.00,0.00, 0.00, 0.00,0,0,0,0
,3_9,19_46_44,0.3834031,0,0,0,0,0.3834031,-0.78, -2.57,0.14, 2.35, -0.12,0.00, 0.00, 1.00,0.00, 0.00, 0.00,0.00, 0.00, 0.00,0.00, 0.00, 0.00,0.00, 0.00, 0.00,0,0,0,0
,3_9,19_46_44,0.3875269,0,0,0,0,0.3875269,-0.79, -2.60,0.14, 2.35, -0.12,0.00, 0.00, 1.00,0.00, 0.00, 0.00,0.00, 0.00, 0.00,0.00, 0.00, 0.00,0.00, 0.00, 0.00,0,0,0,0
,3_9,19_46_44,0.3911973,0,0,0,0,0.3911973,-0.80, -2.64,0.14, 2.35, -0.12,0.00, 0.00, 1.00,0.00, 0.00, 0.00,0.00, 0.00, 0.00,0.00, 0.00, 0.00,0.00, 0.00, 0.00,0,0,0,0
,3_9,19_46_44,0.3952501,0,0,0,0,0.3952501,-0.82, -2.68,0.14, 2.35, -0.12,0.00, 0.00, 1.00,0.00, 0.00, 0.00,0.00, 0.00, 0.00,0.00, 0.00, 0.00,0.00, 0.00, 0.00,0,0,0,0
,3_9,19_46_44,0.3993968,0,0,0,0,0.3993968,-0.83, -2.73,0.14, 2.35, -0.12,0.00, 0.00, 1.00,0.00, 0.00, 0.00,0.00, 0.00, 0.00,0.00, 0.00, 0.00,0.00, 0.00, 0.00,0,0,0,0
,3_9,19_46_44,0.4034116,0,0,0,0,0.4034116,-0.85, -2.78,0.14, 2.35, -0.12,0.00, 0.00, 1.00,0.00, 0.00, 0.00,0.00, 0.00, 0.00,0.00, 0.00, 0.00,0.00, 0.00, 0.00,0,0,0,0
,3_9,19_46_44,0.4072698,0,0,0,0,0.4072698,-0.86, -2.82,0.14, 2.35, -0.12,0.00, 0.00, 1.00,0.00, 0.00, 0.00,0.00, 0.00, 0.00,0.00, 0.00, 0.00,0.00, 0.00, 0.00,0,0,0,0
,3_9,19_46_44,0.4113492,0,0,0,0,0.4113492,-0.88, -2.86,0.14, 2.35, -0.12,0.00, 0.00, 1.00,0.00, 0.00, 0.00,0.00, 0.00, 0.00,0.00, 0.00, 0.00,0.00, 0.00, 0.00,0,0,0,0
,3_9,19_46_44,0.4153668,0,0,0,0,0.4153668,-0.89, -2.91,0.14, 2.35, -0.12,0.00, 0.00, 1.00,0.00, 0.00, 0.00,0.00, 0.00, 0.00,0.00, 0.00, 0.00,0.00, 0.00, 0.00,0,0,0,0
,3_9,19_46_44,0.4247487,0,0,0,0,0.4247487,-0.95, -3.07,0.13, 2.35, -0.12,0.00, 0.00, 1.00,0.00, 0.00, 0.00,0.00, 0.00, 0.00,0.00, 0.00, 0.00,0.00, 0.00, 0.00,0,0,0,0
,3_9,19_46_44,0.4288212,0,0,0,0,0.4288212,-0.97, -3.14,0.13, 2.35, -0.12,0.00, 0.00, 1.00,0.00, 0.00, 0.00,0.00, 0.00, 0.00,0.00, 0.00, 0.00,0.00, 0.00, 0.00,0,0,0,0
,3_9,19_46_44,0.4324939,0,0,0,0,0.4324939,-0.98, -3.17,0.13, 2.35, -0.12,0.00, 0.00, 1.00,0.00, 0.00, 0.00,0.00, 0.00, 0.00,0.00, 0.00, 0.00,0.00, 0.00, 0.00,0,0,0,0
,3_9,19_46_44,0.4361875,0,0,0,0,0.4361875,-0.99, -3.20,0.13, 2.35, -0.12,0.00, 0.00, 1.00,0.00, 0.00, 0.00,0.00, 0.00, 0.00,0.00, 0.00, 0.00,0.00, 0.00, 0.00,0,0,0,0
,3_9,19_46_44,0.4396695,0,0,0,0,0.4396695,-1.00, -3.22,0.13, 2.35, -0.12,0.00, 0.00, 1.00,0.00, 0.00, 0.00,0.00, 0.00, 0.00,0.00, 0.00, 0.00,0.00, 0.00, 0.00,0,0,0,0
,3_9,19_46_44,0.4448606,0,0,0,0,0.4448606,-1.02, -3.27,0.13, 2.35, -0.12,0.00, 0.00, 1.00,0.00, 0.00, 0.00,0.00, 0.00, 0.00,0.00, 0.00, 0.00,0.00, 0.00, 0.00,0,0,0,0
,3_9,19_46_44,0.4486793,0,0,0,0,0.4486793,-1.03, -3.31,0.13, 2.35, -0.12,0.00, 0.00, 1.00,0.00, 0.00, 0.00,0.00, 0.00, 0.00,0.00, 0.00, 0.00,0.00, 0.00, 0.00,0,0,0,0
,3_9,19_46_44,0.452565,0,0,0,0,0.452565,-1.04, -3.33,0.13, 2.35, -0.12,0.00, 0.00, 1.00,0.00, 0.00, 0.00,0.00, 0.00, 0.00,0.00, 0.00, 0.00,0.00, 0.00, 0.00,0,0,0,0
,3_9,19_46_44,0.4564564,0,0,0,0,0.4564564,-1.05, -3.37,0.13, 2.35, -0.12,0.00, 0.00, 1.00,0.00, 0.00, 0.00,0.00, 0.00, 0.00,0.00, 0.00, 0.00,0.00, 0.00, 0.00,0,0,0,0
,3_9,19_46_44,0.4611824,0,0,0,0,0.4611824,-1.07, -3.42,0.13, 2.35, -0.12,0.00, 0.00, 1.00,0.00, 0.00, 0.00,0.00, 0.00, 0.00,0.00, 0.00, 0.00,0.00, 0.00, 0.00,0,0,0,0
,3_9,19_46_44,0.4651545,0,0,0,0,0.4651545,-1.08, -3.47,0.13, 2.35, -0.12,0.00, 0.00, 1.00,0.00, 0.00, 0.00,0.00, 0.00, 0.00,0.00, 0.00, 0.00,0.00, 0.00, 0.00,0,0,0,0
,3_9,19_46_44,0.4688521,0,0,0,0,0.4688521,-1.09, -3.50,0.13, 2.35, -0.12,0.00, 0.00, 1.00,0.00, 0.00, 0.00,0.00, 0.00, 0.00,0.00, 0.00, 0.00,0.00, 0.00, 0.00,0,0,0,0
,3_9,19_46_44,0.4725952,0,0,0,0,0.4725952,-1.11, -3.57,0.13, 2.35, -0.12,0.00, 0.00, 1.00,0.00, 0.00, 0.00,0.00, 0.00, 0.00,0.00, 0.00, 0.00,0.00, 0.00, 0.00,0,0,0,0
,3_9,19_46_44,0.4764509,0,0,0,0,0.4764509,-1.13, -3.63,0.13, 2.35, -0.12,0.00, 0.00, 1.00,0.00, 0.00, 0.00,0.00, 0.00, 0.00,0.00, 0.00, 0.00,0.00, 0.00, 0.00,0,0,0,0
,3_9,19_46_44,0.4803823,0,0,0,0,0.4803823,-1.16, -3.70,0.13, 2.35, -0.12,0.00, 0.00, 1.00,0.00, 0.00, 0.00,0.00, 0.00, 0.00,0.00, 0.00, 0.00,0.00, 0.00, 0.00,0,0,0,0
,3_9,19_46_44,0.4846872,0,0,0,0,0.4846872,-1.19, -3.79,0.13, 2.35, -0.12,0.00, 0.00, 1.00,0.00, 0.00, 0.00,0.00, 0.00, 0.00,0.00, 0.00, 0.00,0.00, 0.00, 0.00,0,0,0,0
,3_9,19_46_44,0.4889705,0,0,0,0,0.4889705,-1.23, -3.93,0.13, 2.35, -0.12,0.00, 0.00, 1.00,0.00, 0.00, 0.00,0.00, 0.00, 0.00,0.00, 0.00, 0.00,0.00, 0.00, 0.00,0,0,0,0
,3_9,19_46_44,0.4932525,0,0,0,0,0.4932525,-1.26, -4.03,0.13, 2.35, -0.12,0.00, 0.00, 1.00,0.00, 0.00, 0.00,0.00, 0.00, 0.00,0.00, 0.00, 0.00,0.00, 0.00, 0.00,0,0,0,0
,3_9,19_46_44,0.497226,0,0,0,0,0.497226,-1.30, -4.14,0.13, 2.35, -0.12,0.00, 0.00, 1.00,0.00, 0.00, 0.00,0.00, 0.00, 0.00,0.00, 0.00, 0.00,0.00, 0.00, 0.00,0,0,0,0
,3_9,19_46_44,0.501221,0,0,0,0,0.501221,-1.34, -4.27,0.13, 2.35, -0.12,0.00, 0.00, 1.00,0.00, 0.00, 0.00,0.00, 0.00, 0.00,0.00, 0.00, 0.00,0.00, 0.00, 0.00,0,0,0,0
,3_9,19_46_44,0.5055761,0,0,0,0,0.5055761,-1.39, -4.41,0.13, 2.35, -0.12,0.00, 0.00, 1.00,0.00, 0.00, 0.00,0.00, 0.00, 0.00,0.00, 0.00, 0.00,0.00, 0.00, 0.00,0,0,0,0
,3_9,19_46_44,0.5095009,0,0,0,0,0.5095009,-1.43, -4.55,0.13, 2.35, -0.12,0.00, 0.00, 1.00,0.00, 0.00, 0.00,0.00, 0.00, 0.00,0.00, 0.00, 0.00,0.00, 0.00, 0.00,0,0,0,0
,3_9,19_46_44,0.5134226,0,0,0,0,0.5134226,-1.47, -4.68,0.13, 2.35, -0.12,0.00, 0.00, 1.00,0.00, 0.00, 0.00,0.00, 0.00, 0.00,0.00, 0.00, 0.00,0.00, 0.00, 0.00,0,0,0,0
,3_9,19_46_44,0.5174146,0,0,0,0,0.5174146,-1.52, -4.83,0.12, 2.35, -0.12,0.00, 0.00, 1.00,0.00, 0.00, 0.00,0.00, 0.00, 0.00,0.00, 0.00, 0.00,0.00, 0.00, 0.00,0,0,0,0
,3_9,19_46_44,0.5226269,0,0,0,0,0.5226269,-1.60, -5.07,0.12, 2.35, -0.12,0.00, 0.00, 1.00,0.00, 0.00, 0.00,0.00, 0.00, 0.00,0.00, 0.00, 0.00,0.00, 0.00, 0.00,0,0,0,0
,3_9,19_46_44,0.5264197,0,0,0,0,0.5264197,-1.65, -5.24,0.12, 2.35, -0.12,0.00, 0.00, 1.00,0.00, 0.00, 0.00,0.00, 0.00, 0.00,0.00, 0.00, 0.00,0.00, 0.00, 0.00,0,0,0,0
,3_9,19_46_44,0.5303819,0,0,0,0,0.5303819,-1.70, -5.38,0.12, 2.35, -0.12,0.00, 0.00, 1.00,0.00, 0.00, 0.00,0.00, 0.00, 0.00,0.00, 0.00, 0.00,0.00, 0.00, 0.00,0,0,0,0
,3_9,19_46_44,0.5343973,0,0,0,0,0.5343973,-1.75, -5.55,0.12, 2.35, -0.12,0.00, 0.00, 1.00,0.00, 0.00, 0.00,0.00, 0.00, 0.00,0.00, 0.00, 0.00,0.00, 0.00, 0.00,0,0,0,0
,3_9,19_46_44,0.5383738,0,0,0,0,0.5383738,-1.81, -5.72,0.12, 2.35, -0.12,0.00, 0.00, 1.00,0.00, 0.00, 0.00,0.00, 0.00, 0.00,0.00, 0.00, 0.00,0.00, 0.00, 0.00,0,0,0,0
,3_9,19_46_44,0.542451,0,0,0,0,0.542451,-1.85, -5.85,0.12, 2.35, -0.12,0.00, 0.00, 1.00,0.00, 0.00, 0.00,0.00, 0.00, 0.00,0.00, 0.00, 0.00,0.00, 0.00, 0.00,0,0,0,0
,3_9,19_46_44,0.5465249,0,0,0,0,0.5465249,-1.90, -6.02,0.12, 2.35, -0.12,0.00, 0.00, 1.00,0.00, 0.00, 0.00,0.00, 0.00, 0.00,0.00, 0.00, 0.00,0.00, 0.00, 0.00,0,0,0,0
,3_9,19_46_44,0.5501492,0,0,0,0,0.5501492,-1.94, -6.13,0.12, 2.35, -0.12,0.00, 0.00, 1.00,0.00, 0.00, 0.00,0.00, 0.00, 0.00,0.00, 0.00, 0.00,0.00, 0.00, 0.00,0,0,0,0
,3_9,19_46_44,0.5539906,0,0,0,0,0.5539906,-1.98, -6.25,0.12, 2.35, -0.12,0.00, 0.00, 1.00,0.00, 0.00, 0.00,0.00, 0.00, 0.00,0.00, 0.00, 0.00,0.00, 0.00, 0.00,0,0,0,0
,3_9,19_46_44,0.5576014,0,0,0,0,0.5576014,-2.01, -6.34,0.12, 2.35, -0.12,0.00, 0.00, 1.00,0.00, 0.00, 0.00,0.00, 0.00, 0.00,0.00, 0.00, 0.00,0.00, 0.00, 0.00,0,0,0,0
,3_9,19_46_44,0.5618591,0,0,0,0,0.5618591,-2.05, -6.47,0.12, 2.35, -0.12,0.00, 0.00, 1.00,0.00, 0.00, 0.00,0.00, 0.00, 0.00,0.00, 0.00, 0.00,0.00, 0.00, 0.00,0,0,0,0
,3_9,19_46_44,0.5655415,0,0,0,0,0.5655415,-2.07, -6.56,0.12, 2.35, -0.12,0.00, 0.00, 1.00,0.00, 0.00, 0.00,0.00, 0.00, 0.00,0.00, 0.00, 0.00,0.00, 0.00, 0.00,0,0,0,0
,3_9,19_46_44,0.569697,0,0,0,0,0.569697,-2.11, -6.68,0.12, 2.35, -0.12,0.00, 0.00, 1.00,0.00, 0.00, 0.00,0.00, 0.00, 0.00,0.00, 0.00, 0.00,0.00, 0.00, 0.00,0,0,0,0
,3_9,19_46_44,0.575945,0,0,0,0,0.575945,-2.16, -6.84,0.12, 2.35, -0.12,0.00, 0.00, 1.00,0.00, 0.00, 0.00,0.00, 0.00, 0.00,0.00, 0.00, 0.00,0.00, 0.00, 0.00,0,0,0,0
,3_9,19_46_44,0.580324,0,0,0,0,0.580324,-2.22, -7.04,0.12, 2.35, -0.12,0.00, 0.00, 1.00,0.00, 0.00, 0.00,0.00, 0.00, 0.00,0.00, 0.00, 0.00,0.00, 0.00, 0.00,0,0,0,0
,3_9,19_46_44,0.58474,0,0,0,0,0.58474,-2.27, -7.18,0.12, 2.35, -0.12,0.00, 0.00, 1.00,0.00, 0.00, 0.00,0.00, 0.00, 0.00,0.00, 0.00, 0.00,0.00, 0.00, 0.00,0,0,0,0
,3_9,19_46_44,0.588444,0,0,0,0,0.588444,-2.31, -7.30,0.12, 2.35, -0.12,0.00, 0.00, 1.00,0.00, 0.00, 0.00,0.00, 0.00, 0.00,0.00, 0.00, 0.00,0.00, 0.00, 0.00,0,0,0,0
,3_9,19_46_44,0.5921805,0,0,0,0,0.5921805,-2.33, -7.38,0.12, 2.35, -0.12,0.00, 0.00, 1.00,0.00, 0.00, 0.00,0.00, 0.00, 0.00,0.00, 0.00, 0.00,0.00, 0.00, 0.00,0,0,0,0
,3_9,19_46_44,0.596135,0,0,0,0,0.596135,-2.37, -7.48,0.12, 2.35, -0.12,0.00, 0.00, 1.00,0.00, 0.00, 0.00,0.00, 0.00, 0.00,0.00, 0.00, 0.00,0.00, 0.00, 0.00,0,0,0,0
,3_9,19_46_44,0.5998604,0,0,0,0,0.5998604,-2.38, -7.54,0.12, 2.35, -0.12,0.00, 0.00, 1.00,0.00, 0.00, 0.00,0.00, 0.00, 0.00,0.00, 0.00, 0.00,0.00, 0.00, 0.00,0,0,0,0
,3_9,19_46_44,0.6035276,0,0,0,0,0.6035276,-2.42, -7.66,0.12, 2.35, -0.12,0.00, 0.00, 1.00,0.00, 0.00, 0.00,0.00, 0.00, 0.00,0.00, 0.00, 0.00,0.00, 0.00, 0.00,0,0,0,0
,3_9,19_46_44,0.6074458,0,0,0,0,0.6074458,-2.46, -7.77,0.12, 2.35, -0.12,0.00, 0.00, 1.00,0.00, 0.00, 0.00,0.00, 0.00, 0.00,0.00, 0.00, 0.00,0.00, 0.00, 0.00,0,0,0,0
,3_9,19_46_44,0.6114267,0,0,0,0,0.6114267,-2.51, -7.93,0.12, 2.35, -0.12,0.00, 0.00, 1.00,0.00, 0.00, 0.00,0.00, 0.00, 0.00,0.00, 0.00, 0.00,0.00, 0.00, 0.00,0,0,0,0
,3_9,19_46_44,0.6151499,0,0,0,0,0.6151499,-2.55, -8.05,0.12, 2.35, -0.12,0.00, 0.00, 1.00,0.00, 0.00, 0.00,0.00, 0.00, 0.00,0.00, 0.00, 0.00,0.00, 0.00, 0.00,0,0,0,0
,3_9,19_46_44,0.6189662,0,0,0,0,0.6189662,-2.60, -8.23,0.12, 2.35, -0.12,0.00, 0.00, 1.00,0.00, 0.00, 0.00,0.00, 0.00, 0.00,0.00, 0.00, 0.00,0.00, 0.00, 0.00,0,0,0,0
,3_9,19_46_44,0.6227146,0,0,0,0,0.6227146,-2.64, -8.34,0.12, 2.35, -0.12,0.00, 0.00, 1.00,0.00, 0.00, 0.00,0.00, 0.00, 0.00,0.00, 0.00, 0.00,0.00, 0.00, 0.00,0,0,0,0
,3_9,19_46_44,0.6265508,0,0,0,0,0.6265508,-2.70, -8.54,0.12, 2.35, -0.12,0.00, 0.00, 1.00,0.00, 0.00, 0.00,0.00, 0.00, 0.00,0.00, 0.00, 0.00,0.00, 0.00, 0.00,0,0,0,0
,3_9,19_46_44,0.6305066,0,0,0,0,0.6305066,-2.77, -8.74,0.12, 2.35, -0.12,0.00, 0.00, 1.00,0.00, 0.00, 0.00,0.00, 0.00, 0.00,0.00, 0.00, 0.00,0.00, 0.00, 0.00,0,0,0,0
,3_9,19_46_44,0.6344888,0,0,0,0,0.6344888,-2.83, -8.94,0.12, 2.35, -0.12,0.00, 0.00, 1.00,0.00, 0.00, 0.00,0.00, 0.00, 0.00,0.00, 0.00, 0.00,0.00, 0.00, 0.00,0,0,0,0
,3_9,19_46_44,0.6389115,0,0,0,0,0.6389115,-2.94, -9.26,0.12, 2.35, -0.12,0.00, 0.00, 1.00,0.00, 0.00, 0.00,0.00, 0.00, 0.00,0.00, 0.00, 0.00,0.00, 0.00, 0.00,0,0,0,0
,3_9,19_46_44,0.6424913,0,0,0,0,0.6424913,-2.99, -9.42,0.12, 2.35, -0.12,0.00, 0.00, 1.00,0.00, 0.00, 0.00,0.00, 0.00, 0.00,0.00, 0.00, 0.00,0.00, 0.00, 0.00,0,0,0,0
,3_9,19_46_44,0.6471641,0,0,0,0,0.6471641,-3.09, -9.74,0.12, 2.35, -0.12,0.00, 0.00, 1.00,0.00, 0.00, 0.00,0.00, 0.00, 0.00,0.00, 0.00, 0.00,0.00, 0.00, 0.00,0,0,0,0
,3_9,19_46_44,0.6507489,0,0,0,0,0.6507489,-3.15, -9.91,0.12, 2.35, -0.12,0.00, 0.00, 1.00,0.00, 0.00, 0.00,0.00, 0.00, 0.00,0.00, 0.00, 0.00,0.00, 0.00, 0.00,0,0,0,0
,3_9,19_46_44,0.6543968,0,0,0,0,0.6543968,-3.22, -10.14,0.12, 2.35, -0.12,0.00, 0.00, 1.00,0.00, 0.00, 0.00,0.00, 0.00, 0.00,0.00, 0.00, 0.00,0.00, 0.00, 0.00,0,0,0,0
,3_9,19_46_44,0.6582627,0,0,0,0,0.6582627,-3.30, -10.39,0.12, 2.35, -0.12,0.00, 0.00, 1.00,0.00, 0.00, 0.00,0.00, 0.00, 0.00,0.00, 0.00, 0.00,0.00, 0.00, 0.00,0,0,0,0
,3_9,19_46_44,0.6684947,0,0,0,0,0.6684947,-3.75, -11.77,0.11, 2.35, -0.12,0.00, 0.00, 1.00,0.00, 0.00, 0.00,0.00, 0.00, 0.00,0.00, 0.00, 0.00,0.00, 0.00, 0.00,0,0,0,0
,3_9,19_46_44,0.6763979,0,0,0,0,0.6763979,-4.12, -12.93,0.11, 2.35, -0.12,0.00, 0.00, 1.00,0.00, 0.00, 0.00,0.00, 0.00, 0.00,0.00, 0.00, 0.00,0.00, 0.00, 0.00,0,0,0,0
,3_9,19_46_44,0.6840031,0,0,0,0,0.6840031,-4.74, -14.85,0.11, 2.36, -0.12,0.00, 0.00, 1.00,0.00, 0.00, 0.00,0.00, 0.00, 0.00,0.00, 0.00, 0.00,0.00, 0.00, 0.00,0,0,0,0
,3_9,19_46_44,0.6911196,0,0,0,0,0.6911196,-5.09, -15.94,0.11, 2.36, -0.12,0.00, 0.00, 1.00,0.00, 0.00, 0.00,0.00, 0.00, 0.00,0.00, 0.00, 0.00,0.00, 0.00, 0.00,0,0,0,0
,3_9,19_46_44,0.6955804,0,0,0,0,0.6955804,-5.29, -16.56,0.11, 2.36, -0.12,0.00, 0.00, 1.00,0.00, 0.00, 0.00,0.00, 0.00, 0.00,0.00, 0.00, 0.00,0.00, 0.00, 0.00,0,0,0,0
,3_9,19_46_44,0.6986382,0,0,0,0,0.6986382,-5.34, -16.71,0.11, 2.36, -0.12,0.00, 0.00, 1.00,0.00, 0.00, 0.00,0.00, 0.00, 0.00,0.00, 0.00, 0.00,0.00, 0.00, 0.00,0,0,0,0
,3_9,19_46_44,0.7025507,0,0,0,0,0.7025507,-5.49, -17.17,0.11, 2.36, -0.12,0.00, 0.00, 1.00,0.00, 0.00, 0.00,0.00, 0.00, 0.00,0.00, 0.00, 0.00,0.00, 0.00, 0.00,0,0,0,0
,3_9,19_46_44,0.7064729,0,0,0,0,0.7064729,-5.67, -17.72,0.11, 2.36, -0.12,0.00, 0.00, 1.00,0.00, 0.00, 0.00,0.00, 0.00, 0.00,0.00, 0.00, 0.00,0.00, 0.00, 0.00,0,0,0,0
,3_9,19_46_44,0.7103846,0,0,0,0,0.7103846,-5.86, -18.31,0.11, 2.36, -0.12,0.00, 0.00, 1.00,0.00, 0.00, 0.00,0.00, 0.00, 0.00,0.00, 0.00, 0.00,0.00, 0.00, 0.00,0,0,0,0
,3_9,19_46_44,0.7143357,0,0,0,0,0.7143357,-6.04, -18.87,0.11, 2.36, -0.12,0.00, 0.00, 1.00,0.00, 0.00, 0.00,0.00, 0.00, 0.00,0.00, 0.00, 0.00,0.00, 0.00, 0.00,0,0,0,0
,3_9,19_46_44,0.7177434,0,0,0,0,0.7177434,-6.18, -19.30,0.11, 2.36, -0.12,0.00, 0.00, 1.00,0.00, 0.00, 0.00,0.00, 0.00, 0.00,0.00, 0.00, 0.00,0.00, 0.00, 0.00,0,0,0,0
,3_9,19_46_44,0.7212684,0,0,0,0,0.7212684,-6.41, -20.01,0.11, 2.36, -0.12,0.00, 0.00, 1.00,0.00, 0.00, 0.00,0.00, 0.00, 0.00,0.00, 0.00, 0.00,0.00, 0.00, 0.00,0,0,0,0
,3_9,19_46_44,0.7262065,0,0,0,0,0.7262065,-6.88, -21.47,0.11, 2.36, -0.12,0.00, 0.00, 1.00,0.00, 0.00, 0.00,0.00, 0.00, 0.00,0.00, 0.00, 0.00,0.00, 0.00, 0.00,0,0,0,0
,3_9,19_46_44,0.7300435,0,0,0,0,0.7300435,-7.12, -22.21,0.11, 2.36, -0.12,0.00, 0.00, 1.00,0.00, 0.00, 0.00,0.00, 0.00, 0.00,0.00, 0.00, 0.00,0.00, 0.00, 0.00,0,0,0,0
,3_9,19_46_44,0.7337363,0,0,0,0,0.7337363,-7.37, -22.96,0.11, 2.36, -0.12,0.00, 0.00, 1.00,0.00, 0.00, 0.00,0.00, 0.00, 0.00,0.00, 0.00, 0.00,0.00, 0.00, 0.00,0,0,0,0
,3_9,19_46_44,0.7378258,0,0,0,0,0.7378258,-7.74, -24.13,0.11, 2.36, -0.12,0.00, 0.00, 1.00,0.00, 0.00, 0.00,0.00, 0.00, 0.00,0.00, 0.00, 0.00,0.00, 0.00, 0.00,0,0,0,0
,3_9,19_46_44,0.7413432,0,0,0,0,0.7413432,-8.06, -25.09,0.11, 2.36, -0.12,0.00, 0.00, 1.00,0.00, 0.00, 0.00,0.00, 0.00, 0.00,0.00, 0.00, 0.00,0.00, 0.00, 0.00,0,0,0,0
,3_9,19_46_44,0.7453588,0,0,0,0,0.7453588,-8.45, -26.30,0.11, 2.36, -0.12,0.00, 0.00, 1.00,0.00, 0.00, 0.00,0.00, 0.00, 0.00,0.00, 0.00, 0.00,0.00, 0.00, 0.00,0,0,0,0
,3_9,19_46_44,0.7491817,0,0,0,0,0.7491817,-8.96, -27.89,0.11, 2.36, -0.12,0.00, 0.00, 1.00,0.00, 0.00, 0.00,0.00, 0.00, 0.00,0.00, 0.00, 0.00,0.00, 0.00, 0.00,0,0,0,0
,3_9,19_46_44,0.7538397,0,0,0,0,0.7538397,-9.38, -29.17,0.11, 2.36, -0.12,0.00, 0.00, 1.00,0.00, 0.00, 0.00,0.00, 0.00, 0.00,0.00, 0.00, 0.00,0.00, 0.00, 0.00,0,0,0,0
,3_9,19_46_44,0.7574104,0,0,0,0,0.7574104,-9.79, -30.42,0.11, 2.36, -0.12,0.00, 0.00, 1.00,0.00, 0.00, 0.00,0.00, 0.00, 0.00,0.00, 0.00, 0.00,0.00, 0.00, 0.00,0,0,0,0
,3_9,19_46_44,0.7613439,0,0,0,0,0.7613439,-10.43, -32.38,0.11, 2.36, -0.12,0.00, 0.00, 1.00,0.00, 0.00, 0.00,0.00, 0.00, 0.00,0.00, 0.00, 0.00,0.00, 0.00, 0.00,0,0,0,0
,3_9,19_46_44,0.7654396,0,0,0,0,0.7654396,-10.75, -33.37,0.11, 2.36, -0.12,0.00, 0.00, 1.00,0.00, 0.00, 0.00,0.00, 0.00, 0.00,0.00, 0.00, 0.00,0.00, 0.00, 0.00,0,0,0,0
,3_9,19_46_44,0.769105,0,0,0,0,0.769105,-11.13, -34.56,0.11, 2.36, -0.12,0.00, 0.00, 1.00,0.00, 0.00, 0.00,0.00, 0.00, 0.00,0.00, 0.00, 0.00,0.00, 0.00, 0.00,0,0,0,0
,3_9,19_46_44,0.7727052,0,0,0,0,0.7727052,-11.46, -35.55,0.11, 2.36, -0.12,0.00, 0.00, 1.00,0.00, 0.00, 0.00,0.00, 0.00, 0.00,0.00, 0.00, 0.00,0.00, 0.00, 0.00,0,0,0,0
,3_9,19_46_44,0.776948,0,0,0,0,0.776948,-11.86, -36.79,0.11, 2.36, -0.12,0.00, 0.00, 1.00,0.00, 0.00, 0.00,0.00, 0.00, 0.00,0.00, 0.00, 0.00,0.00, 0.00, 0.00,0,0,0,0
,3_9,19_46_44,0.7801517,0,0,0,0,0.7801517,-12.35, -38.31,0.11, 2.36, -0.12,0.00, 0.00, 1.00,0.00, 0.00, 0.00,0.00, 0.00, 0.00,0.00, 0.00, 0.00,0.00, 0.00, 0.00,0,0,0,0
,3_9,19_46_44,0.7839787,0,0,0,0,0.7839787,-12.88, -39.94,0.11, 2.36, -0.12,0.00, 0.00, 1.00,0.00, 0.00, 0.00,0.00, 0.00, 0.00,0.00, 0.00, 0.00,0.00, 0.00, 0.00,0,0,0,0
,3_9,19_46_44,0.7877552,0,0,0,0,0.7877552,-13.22, -40.97,0.11, 2.36, -0.12,0.00, 0.00, 1.00,0.00, 0.00, 0.00,0.00, 0.00, 0.00,0.00, 0.00, 0.00,0.00, 0.00, 0.00,0,0,0,0
,3_9,19_46_45,0.7913981,0,0,0,0,0.7913981,-13.67, -42.38,0.11, 2.36, -0.12,0.00, 0.00, 1.00,0.00, 0.00, 0.00,0.00, 0.00, 0.00,0.00, 0.00, 0.00,0.00, 0.00, 0.00,0,0,0,0
,3_9,19_46_45,0.7951739,0,0,0,0,0.7951739,-14.05, -43.54,0.11, 2.36, -0.12,0.00, 0.00, 1.00,0.00, 0.00, 0.00,0.00, 0.00, 0.00,0.00, 0.00, 0.00,0.00, 0.00, 0.00,0,0,0,0
,3_9,19_46_45,0.7986706,0,0,0,0,0.7986706,-14.41, -44.68,0.11, 2.36, -0.12,0.00, 0.00, 1.00,0.00, 0.00, 0.00,0.00, 0.00, 0.00,0.00, 0.00, 0.00,0.00, 0.00, 0.00,0,0,0,0
,3_9,19_46_45,0.8028556,0,0,0,0,0.8028556,-14.88, -46.11,0.11, 2.36, -0.12,0.00, 0.00, 1.00,0.00, 0.00, 0.00,0.00, 0.00, 0.00,0.00, 0.00, 0.00,0.00, 0.00, 0.00,0,0,0,0
,3_9,19_46_45,0.8060665,0,0,0,0,0.8060665,-15.00, -46.50,0.11, 2.36, -0.12,0.00, 0.00, 1.00,0.00, 0.00, 0.00,0.00, 0.00, 0.00,0.00, 0.00, 0.00,0.00, 0.00, 0.00,0,0,0,0
,3_9,19_46_45,0.8095535,0,0,0,0,0.8095535,-15.71, -48.68,0.11, 2.36, -0.12,0.00, 0.00, 1.00,0.00, 0.00, 0.00,0.00, 0.00, 0.00,0.00, 0.00, 0.00,0.00, 0.00, 0.00,0,0,0,0
,3_9,19_46_45,0.8133024,0,0,0,0,0.8133024,-16.37, -50.73,0.11, 2.36, -0.12,0.00, 0.00, 1.00,0.00, 0.00, 0.00,0.00, 0.00, 0.00,0.00, 0.00, 0.00,0.00, 0.00, 0.00,0,0,0,0
,3_9,19_46_45,0.8167786,0,0,0,0,0.8167786,-16.87, -52.26,0.11, 2.36, -0.12,0.00, 0.00, 1.00,0.00, 0.00, 0.00,0.00, 0.00, 0.00,0.00, 0.00, 0.00,0.00, 0.00, 0.00,0,0,0,0
,3_9,19_46_45,0.8204394,0,0,0,0,0.8204394,-17.81, -55.18,0.11, 2.36, -0.12,0.00, 0.00, 1.00,0.00, 0.00, 0.00,0.00, 0.00, 0.00,0.00, 0.00, 0.00,0.00, 0.00, 0.00,0,0,0,0
,3_9,19_46_45,0.8251034,0,0,0,0,0.8251034,-19.47, -60.31,0.11, 2.36, -0.12,0.00, 0.00, 1.00,0.00, 0.00, 0.00,0.00, 0.00, 0.00,0.00, 0.00, 0.00,0.00, 0.00, 0.00,0,0,0,0
,3_9,19_46_45,0.8286831,0,0,0,0,0.8286831,-20.18, -62.53,0.11, 2.36, -0.12,0.00, 0.00, 1.00,0.00, 0.00, 0.00,0.00, 0.00, 0.00,0.00, 0.00, 0.00,0.00, 0.00, 0.00,0,0,0,0
,3_9,19_46_45,0.8327212,0,0,0,0,0.8327212,-21.36, -66.21,0.11, 2.36, -0.12,0.00, 0.00, 1.00,0.00, 0.00, 0.00,0.00, 0.00, 0.00,0.00, 0.00, 0.00,0.00, 0.00, 0.00,0,0,0,0
,3_9,19_46_45,0.8365094,0,0,0,0,0.8365094,-22.93, -71.09,0.11, 2.36, -0.12,0.00, 0.00, 1.00,0.00, 0.00, 0.00,0.00, 0.00, 0.00,0.00, 0.00, 0.00,0.00, 0.00, 0.00,0,0,0,0
,3_9,19_46_45,0.8434374,0,0,0,0,0.8434374,-35.19, -109.21,0.11, 2.36, -0.12,0.00, 0.00, 1.00,0.00, 0.00, 0.00,0.00, 0.00, 0.00,0.00, 0.00, 0.00,0.00, 0.00, 0.00,0,0,0,0
,3_9,19_46_45,0.8481412,0,0,0,0,0.8481412,-40.86, -126.85,0.11, 2.36, -0.12,0.00, 0.00, 1.00,0.00, 0.00, 0.00,0.00, 0.00, 0.00,0.00, 0.00, 0.00,0.00, 0.00, 0.00,0,0,0,0
,3_9,19_46_45,0.8523954,0,0,0,0,0.8523954,-46.17, -143.47,0.11, 2.36, -0.12,0.00, 0.00, 1.00,0.00, 0.00, 0.00,0.00, 0.00, 0.00,0.00, 0.00, 0.00,0.00, 0.00, 0.00,0,0,0,0
,3_9,19_46_45,0.8562551,0,0,0,0,0.8562551,-54.25, -168.63,0.11, 2.36, -0.12,0.00, 0.00, 1.00,0.00, 0.00, 0.00,0.00, 0.00, 0.00,0.00, 0.00, 0.00,0.00, 0.00, 0.00,0,0,0,0
,3_9,19_46_45,0.8597507,0,0,0,0,0.8597507,-66.94, -208.15,0.11, 2.36, -0.12,0.00, 0.00, 1.00,0.00, 0.00, 0.00,0.00, 0.00, 0.00,0.00, 0.00, 0.00,0.00, 0.00, 0.00,0,0,0,0
,3_9,19_46_45,0.8640556,0,0,0,0,0.8640556,-93.94, -292.28,0.11, 2.36, -0.12,0.00, 0.00, 1.00,0.00, 0.00, 0.00,0.00, 0.00, 0.00,0.00, 0.00, 0.00,0.00, 0.00, 0.00,0,0,0,0
,3_9,19_46_45,0.8689523,0,0,0,0,0.8689523,-201.32, -626.94,0.11, 2.36, -0.12,0.00, 0.00, 1.00,0.00, 0.00, 0.00,0.00, 0.00, 0.00,0.00, 0.00, 0.00,0.00, 0.00, 0.00,0,0,0,0
,3_9,19_46_45,0.8732461,0,0,0,0,0.8732461,-710.03, -2211.83,0.11, 2.36, -0.12,0.00, 0.00, 1.00,0.00, 0.00, 0.00,0.00, 0.00, 0.00,0.00, 0.00, 0.00,0.00, 0.00, 0.00,0,0,0,0
,3_9,19_46_45,0.8771986,0,0,0,0,0.8771986,398.58, 1242.27,0.11, 2.36, -0.12,0.00, 0.00, 1.00,0.00, 0.00, 0.00,0.00, 0.00, 0.00,0.00, 0.00, 0.00,0.00, 0.00, 0.00,0,0,0,0
,3_9,19_46_45,0.8807874,0,0,0,0,0.8807874,164.15, 511.47,0.11, 2.36, -0.12,0.00, 0.00, 1.00,0.00, 0.00, 0.00,0.00, 0.00, 0.00,0.00, 0.00, 0.00,0.00, 0.00, 0.00,0,0,0,0
,3_9,19_46_45,0.884733,0,0,0,0,0.884733,107.01, 333.52,0.11, 2.36, -0.12,0.00, 0.00, 1.00,0.00, 0.00, 0.00,0.00, 0.00, 0.00,0.00, 0.00, 0.00,0.00, 0.00, 0.00,0,0,0,0
,3_9,19_46_45,0.8885195,0,0,0,0,0.8885195,94.52, 294.74,0.11, 2.36, -0.12,0.00, 0.00, 1.00,0.00, 0.00, 0.00,0.00, 0.00, 0.00,0.00, 0.00, 0.00,0.00, 0.00, 0.00,0,0,0,0
,3_9,19_46_45,0.8920574,0,0,0,0,0.8920574,74.13, 231.20,0.11, 2.36, -0.12,0.00, 0.00, 1.00,0.00, 0.00, 0.00,0.00, 0.00, 0.00,0.00, 0.00, 0.00,0.00, 0.00, 0.00,0,0,0,0
,3_9,19_46_45,0.8954518,0,0,0,0,0.8954518,65.89, 205.48,0.11, 2.36, -0.12,0.00, 0.00, 1.00,0.00, 0.00, 0.00,0.00, 0.00, 0.00,0.00, 0.00, 0.00,0.00, 0.00, 0.00,0,0,0,0
,3_9,19_46_45,0.8993174,0,0,0,0,0.8993174,58.61, 182.91,0.11, 2.36, -0.12,0.00, 0.00, 1.00,0.00, 0.00, 0.00,0.00, 0.00, 0.00,0.00, 0.00, 0.00,0.00, 0.00, 0.00,0,0,0,0
,3_9,19_46_45,0.9032285,0,0,0,0,0.9032285,50.93, 158.95,0.11, 2.36, -0.12,0.00, 0.00, 1.00,0.00, 0.00, 0.00,0.00, 0.00, 0.00,0.00, 0.00, 0.00,0.00, 0.00, 0.00,0,0,0,0
,3_9,19_46_45,0.9070388,0,0,0,0,0.9070388,49.38, 154.13,0.11, 2.36, -0.12,0.00, 0.00, 1.00,0.00, 0.00, 0.00,0.00, 0.00, 0.00,0.00, 0.00, 0.00,0.00, 0.00, 0.00,0,0,0,0
,3_9,19_46_45,0.9101649,0,0,0,0,0.9101649,45.87, 143.18,0.11, 2.36, -0.12,0.00, 0.00, 1.00,0.00, 0.00, 0.00,0.00, 0.00, 0.00,0.00, 0.00, 0.00,0.00, 0.00, 0.00,0,0,0,0
,3_9,19_46_45,0.9134967,0,0,0,0,0.9134967,44.76, 139.74,0.11, 2.36, -0.12,0.00, 0.00, 1.00,0.00, 0.00, 0.00,0.00, 0.00, 0.00,0.00, 0.00, 0.00,0.00, 0.00, 0.00,0,0,0,0
,3_9,19_46_45,0.9169184,0,0,0,0,0.9169184,43.68, 136.38,0.11, 2.36, -0.12,0.00, 0.00, 1.00,0.00, 0.00, 0.00,0.00, 0.00, 0.00,0.00, 0.00, 0.00,0.00, 0.00, 0.00,0,0,0,0
,3_9,19_46_45,0.9204137,0,0,0,0,0.9204137,40.61, 126.80,0.11, 2.36, -0.12,0.00, 0.00, 1.00,0.00, 0.00, 0.00,0.00, 0.00, 0.00,0.00, 0.00, 0.00,0.00, 0.00, 0.00,0,0,0,0
,3_9,19_46_45,0.9237176,0,0,0,0,0.9237176,39.75, 124.13,0.11, 2.36, -0.12,0.00, 0.00, 1.00,0.00, 0.00, 0.00,0.00, 0.00, 0.00,0.00, 0.00, 0.00,0.00, 0.00, 0.00,0,0,0,0
,3_9,19_46_45,0.9267048,0,0,0,0,0.9267048,39.75, 124.13,0.11, 2.36, -0.12,0.00, 0.00, 1.00,0.00, 0.00, 0.00,0.00, 0.00, 0.00,0.00, 0.00, 0.00,0.00, 0.00, 0.00,0,0,0,0
,3_9,19_46_45,0.9301321,0,0,0,0,0.9301321,38.89, 121.47,0.11, 2.36, -0.12,0.00, 0.00, 1.00,0.00, 0.00, 0.00,0.00, 0.00, 0.00,0.00, 0.00, 0.00,0.00, 0.00, 0.00,0,0,0,0
,3_9,19_46_45,0.9331016,0,0,0,0,0.9331016,38.89, 121.47,0.11, 2.36, -0.12,0.00, 0.00, 1.00,0.00, 0.00, 0.00,0.00, 0.00, 0.00,0.00, 0.00, 0.00,0.00, 0.00, 0.00,0,0,0,0
,3_9,19_46_45,0.9361856,0,0,0,0,0.9361856,38.89, 121.47,0.11, 2.36, -0.12,0.00, 0.00, 1.00,0.00, 0.00, 0.00,0.00, 0.00, 0.00,0.00, 0.00, 0.00,0.00, 0.00, 0.00,0,0,0,0
,3_9,19_46_45,0.9391774,0,0,0,0,0.9391774,38.89, 121.47,0.11, 2.36, -0.12,0.00, 0.00, 1.00,0.00, 0.00, 0.00,0.00, 0.00, 0.00,0.00, 0.00, 0.00,0.00, 0.00, 0.00,0,0,0,0
,3_9,19_46_45,0.9420557,0,0,0,0,0.9420557,38.20, 119.32,0.11, 2.36, -0.12,0.00, 0.00, 1.00,0.00, 0.00, 0.00,0.00, 0.00, 0.00,0.00, 0.00, 0.00,0.00, 0.00, 0.00,0,0,0,0
,3_9,19_46_45,0.9451195,0,0,0,0,0.9451195,38.20, 119.32,0.11, 2.36, -0.12,0.00, 0.00, 1.00,0.00, 0.00, 0.00,0.00, 0.00, 0.00,0.00, 0.00, 0.00,0.00, 0.00, 0.00,0,0,0,0
,3_9,19_46_45,0.9481051,0,0,0,0,0.9481051,38.20, 119.32,0.11, 2.36, -0.12,0.00, 0.00, 1.00,0.00, 0.00, 0.00,0.00, 0.00, 0.00,0.00, 0.00, 0.00,0.00, 0.00, 0.00,0,0,0,0
,3_9,19_46_45,0.9509164,0,0,0,0,0.9509164,38.20, 119.32,0.11, 2.36, -0.12,0.00, 0.00, 1.00,0.00, 0.00, 0.00,0.00, 0.00, 0.00,0.00, 0.00, 0.00,0.00, 0.00, 0.00,0,0,0,0
,3_9,19_46_45,0.9538228,0,0,0,0,0.9538228,38.20, 119.32,0.11, 2.36, -0.12,0.00, 0.00, 1.00,0.00, 0.00, 0.00,0.00, 0.00, 0.00,0.00, 0.00, 0.00,0.00, 0.00, 0.00,0,0,0,0
,3_9,19_46_45,0.9577731,0,0,0,0,0.9577731,35.55, 111.04,0.11, 2.36, -0.12,0.00, 0.00, 1.00,0.00, 0.00, 0.00,0.00, 0.00, 0.00,0.00, 0.00, 0.00,0.00, 0.00, 0.00,0,0,0,0
,3_9,19_46_45,0.9610559,0,0,0,0,0.9610559,35.55, 111.04,0.11, 2.36, -0.12,0.00, 0.00, 1.00,0.00, 0.00, 0.00,0.00, 0.00, 0.00,0.00, 0.00, 0.00,0.00, 0.00, 0.00,0,0,0,0
,3_9,19_46_45,0.9642543,0,0,0,0,0.9642543,35.55, 111.04,0.11, 2.36, -0.12,0.00, 0.00, 1.00,0.00, 0.00, 0.00,0.00, 0.00, 0.00,0.00, 0.00, 0.00,0.00, 0.00, 0.00,0,0,0,0
,3_9,19_46_45,0.967052,0,0,0,0,0.967052,35.55, 111.04,0.11, 2.36, -0.12,0.00, 0.00, 1.00,0.00, 0.00, 0.00,0.00, 0.00, 0.00,0.00, 0.00, 0.00,0.00, 0.00, 0.00,0,0,0,0
,3_9,19_46_45,0.969849,0,0,0,0,0.969849,35.55, 111.04,0.11, 2.36, -0.12,0.00, 0.00, 1.00,0.00, 0.00, 0.00,0.00, 0.00, 0.00,0.00, 0.00, 0.00,0.00, 0.00, 0.00,0,0,0,0
,3_9,19_46_45,0.9727962,0,0,0,0,0.9727962,35.55, 111.04,0.11, 2.36, -0.12,0.00, 0.00, 1.00,0.00, 0.00, 0.00,0.00, 0.00, 0.00,0.00, 0.00, 0.00,0.00, 0.00, 0.00,0,0,0,0
,3_9,19_46_45,0.9792651,0,0,0,0,0.9792651,35.55, 111.04,0.11, 2.36, -0.12,0.00, 0.00, 1.00,0.00, 0.00, 0.00,0.00, 0.00, 0.00,0.00, 0.00, 0.00,0.00, 0.00, 0.00,0,0,0,0
,3_9,19_46_45,0.9822556,0,0,0,0,0.9822556,35.55, 111.04,0.11, 2.36, -0.12,0.00, 0.00, 1.00,0.00, 0.00, 0.00,0.00, 0.00, 0.00,0.00, 0.00, 0.00,0.00, 0.00, 0.00,0,0,0,0
,3_9,19_46_45,0.9852554,0,0,0,0,0.9852554,35.55, 111.04,0.11, 2.36, -0.12,0.00, 0.00, 1.00,0.00, 0.00, 0.00,0.00, 0.00, 0.00,0.00, 0.00, 0.00,0.00, 0.00, 0.00,0,0,0,0
,3_9,19_46_45,0.9880523,0,0,0,0,0.9880523,35.55, 111.04,0.11, 2.36, -0.12,0.00, 0.00, 1.00,0.00, 0.00, 0.00,0.00, 0.00, 0.00,0.00, 0.00, 0.00,0.00, 0.00, 0.00,0,0,0,0
,3_9,19_46_45,0.9912089,0,0,0,0,0.9912089,35.55, 111.04,0.11, 2.36, -0.12,0.00, 0.00, 1.00,0.00, 0.00, 0.00,0.00, 0.00, 0.00,0.00, 0.00, 0.00,0.00, 0.00, 0.00,0,0,0,0
,3_9,19_46_45,0.9940016,0,0,0,0,0.9940016,35.55, 111.04,0.11, 2.36, -0.12,0.00, 0.00, 1.00,0.00, 0.00, 0.00,0.00, 0.00, 0.00,0.00, 0.00, 0.00,0.00, 0.00, 0.00,0,0,0,0
,3_9,19_46_45,0.9968925,0,0,0,0,0.9968925,35.55, 111.04,0.11, 2.36, -0.12,0.00, 0.00, 1.00,0.00, 0.00, 0.00,0.00, 0.00, 0.00,0.00, 0.00, 0.00,0.00, 0.00, 0.00,0,0,0,0
,3_9,19_46_45,0.9997158,0,0,0,0,0.9997158,35.55, 111.04,0.11, 2.36, -0.12,0.00, 0.00, 1.00,0.00, 0.00, 0.00,0.00, 0.00, 0.00,0.00, 0.00, 0.00,0.00, 0.00, 0.00,0,0,0,0
,3_9,19_46_45,1.002529,0,0,0,0,1.002529,35.55, 111.04,0.11, 2.36, -0.12,0.00, 0.00, 1.00,0.00, 0.00, 0.00,0.00, 0.00, 0.00,0.00, 0.00, 0.00,0.00, 0.00, 0.00,0,0,0,0
,3_9,19_46_45,1.008397,0,0,0,0,1.008397,35.55, 111.04,0.11, 2.36, -0.12,0.00, 0.00, 1.00,0.00, 0.00, 0.00,0.00, 0.00, 0.00,0.00, 0.00, 0.00,0.00, 0.00, 0.00,0,0,0,0
,3_9,19_46_45,1.011225,0,0,0,0,1.011225,35.55, 111.04,0.11, 2.36, -0.12,0.00, 0.00, 1.00,0.00, 0.00, 0.00,0.00, 0.00, 0.00,0.00, 0.00, 0.00,0.00, 0.00, 0.00,0,0,0,0
,3_9,19_46_45,1.014299,0,0,0,0,1.014299,35.55, 111.04,0.11, 2.36, -0.12,0.00, 0.00, 1.00,0.00, 0.00, 0.00,0.00, 0.00, 0.00,0.00, 0.00, 0.00,0.00, 0.00, 0.00,0,0,0,0
,3_9,19_46_45,1.017134,0,0,0,0,1.017134,35.55, 111.04,0.11, 2.36, -0.12,0.00, 0.00, 1.00,0.00, 0.00, 0.00,0.00, 0.00, 0.00,0.00, 0.00, 0.00,0.00, 0.00, 0.00,0,0,0,0
,3_9,19_46_45,1.019944,0,0,0,0,1.019944,35.55, 111.04,0.11, 2.36, -0.12,0.00, 0.00, 1.00,0.00, 0.00, 0.00,0.00, 0.00, 0.00,0.00, 0.00, 0.00,0.00, 0.00, 0.00,0,0,0,0
,3_9,19_46_45,1.022763,0,0,0,0,1.022763,35.55, 111.04,0.11, 2.36, -0.12,0.00, 0.00, 1.00,0.00, 0.00, 0.00,0.00, 0.00, 0.00,0.00, 0.00, 0.00,0.00, 0.00, 0.00,0,0,0,0
,3_9,19_46_45,1.025798,0,0,0,0,1.025798,35.55, 111.04,0.11, 2.36, -0.12,0.00, 0.00, 1.00,0.00, 0.00, 0.00,0.00, 0.00, 0.00,0.00, 0.00, 0.00,0.00, 0.00, 0.00,0,0,0,0
,3_9,19_46_45,1.028775,0,0,0,0,1.028775,35.55, 111.04,0.11, 2.36, -0.12,0.00, 0.00, 1.00,0.00, 0.00, 0.00,0.00, 0.00, 0.00,0.00, 0.00, 0.00,0.00, 0.00, 0.00,0,0,0,0
,3_9,19_46_45,1.031596,0,0,0,0,1.031596,35.55, 111.04,0.11, 2.36, -0.12,0.00, 0.00, 1.00,0.00, 0.00, 0.00,0.00, 0.00, 0.00,0.00, 0.00, 0.00,0.00, 0.00, 0.00,0,0,0,0
,3_9,19_46_45,1.034384,0,0,0,0,1.034384,35.55, 111.04,0.11, 2.36, -0.12,0.00, 0.00, 1.00,0.00, 0.00, 0.00,0.00, 0.00, 0.00,0.00, 0.00, 0.00,0.00, 0.00, 0.00,0,0,0,0
,3_9,19_46_45,1.037157,0,0,0,0,1.037157,35.55, 111.04,0.11, 2.36, -0.12,0.00, 0.00, 1.00,0.00, 0.00, 0.00,0.00, 0.00, 0.00,0.00, 0.00, 0.00,0.00, 0.00, 0.00,0,0,0,0
,3_9,19_46_45,1.04031,0,0,0,0,1.04031,35.55, 111.04,0.11, 2.36, -0.12,0.00, 0.00, 1.00,0.00, 0.00, 0.00,0.00, 0.00, 0.00,0.00, 0.00, 0.00,0.00, 0.00, 0.00,0,0,0,0
,3_9,19_46_45,1.043384,0,0,0,0,1.043384,35.55, 111.04,0.11, 2.36, -0.12,0.00, 0.00, 1.00,0.00, 0.00, 0.00,0.00, 0.00, 0.00,0.00, 0.00, 0.00,0.00, 0.00, 0.00,0,0,0,0
,3_9,19_46_45,1.046211,0,0,0,0,1.046211,35.55, 111.04,0.11, 2.36, -0.12,0.00, 0.00, 1.00,0.00, 0.00, 0.00,0.00, 0.00, 0.00,0.00, 0.00, 0.00,0.00, 0.00, 0.00,0,0,0,0
,3_9,19_46_45,1.04897,0,0,0,0,1.04897,35.55, 111.04,0.11, 2.36, -0.12,0.00, 0.00, 1.00,0.00, 0.00, 0.00,0.00, 0.00, 0.00,0.00, 0.00, 0.00,0.00, 0.00, 0.00,0,0,0,0
,3_9,19_46_45,1.05179,0,0,0,0,1.05179,35.55, 111.04,0.11, 2.36, -0.12,0.00, 0.00, 1.00,0.00, 0.00, 0.00,0.00, 0.00, 0.00,0.00, 0.00, 0.00,0.00, 0.00, 0.00,0,0,0,0
,3_9,19_46_45,1.054724,0,0,0,0,1.054724,35.55, 111.04,0.11, 2.36, -0.12,0.00, 0.00, 1.00,0.00, 0.00, 0.00,0.00, 0.00, 0.00,0.00, 0.00, 0.00,0.00, 0.00, 0.00,0,0,0,0
,3_9,19_46_45,1.057542,0,0,0,0,1.057542,35.55, 111.04,0.11, 2.36, -0.12,0.00, 0.00, 1.00,0.00, 0.00, 0.00,0.00, 0.00, 0.00,0.00, 0.00, 0.00,0.00, 0.00, 0.00,0,0,0,0
,3_9,19_46_45,1.06031,0,0,0,0,1.06031,35.55, 111.04,0.11, 2.36, -0.12,0.00, 0.00, 1.00,0.00, 0.00, 0.00,0.00, 0.00, 0.00,0.00, 0.00, 0.00,0.00, 0.00, 0.00,0,0,0,0
,3_9,19_46_45,1.063236,0,0,0,0,1.063236,35.55, 111.04,0.11, 2.36, -0.12,0.00, 0.00, 1.00,0.00, 0.00, 0.00,0.00, 0.00, 0.00,0.00, 0.00, 0.00,0.00, 0.00, 0.00,0,0,0,0
,3_9,19_46_45,1.066086,0,0,0,0,1.066086,35.55, 111.04,0.11, 2.36, -0.12,0.00, 0.00, 1.00,0.00, 0.00, 0.00,0.00, 0.00, 0.00,0.00, 0.00, 0.00,0.00, 0.00, 0.00,0,0,0,0
,3_9,19_46_45,1.069011,0,0,0,0,1.069011,35.55, 111.04,0.11, 2.36, -0.12,0.00, 0.00, 1.00,0.00, 0.00, 0.00,0.00, 0.00, 0.00,0.00, 0.00, 0.00,0.00, 0.00, 0.00,0,0,0,0
,3_9,19_46_45,1.071805,0,0,0,0,1.071805,35.55, 111.04,0.11, 2.36, -0.12,0.00, 0.00, 1.00,0.00, 0.00, 0.00,0.00, 0.00, 0.00,0.00, 0.00, 0.00,0.00, 0.00, 0.00,0,0,0,0
,3_9,19_46_45,1.074607,0,0,0,0,1.074607,35.55, 111.04,0.11, 2.36, -0.12,0.00, 0.00, 1.00,0.00, 0.00, 0.00,0.00, 0.00, 0.00,0.00, 0.00, 0.00,0.00, 0.00, 0.00,0,0,0,0
,3_9,19_46_45,1.077422,0,0,0,0,1.077422,35.55, 111.04,0.11, 2.36, -0.12,0.00, 0.00, 1.00,0.00, 0.00, 0.00,0.00, 0.00, 0.00,0.00, 0.00, 0.00,0.00, 0.00, 0.00,0,0,0,0
,3_9,19_46_45,1.080231,0,0,0,0,1.080231,35.55, 111.04,0.11, 2.36, -0.12,0.00, 0.00, 1.00,0.00, 0.00, 0.00,0.00, 0.00, 0.00,0.00, 0.00, 0.00,0.00, 0.00, 0.00,0,0,0,0
,3_9,19_46_45,1.086092,0,0,0,0,1.086092,35.55, 111.04,0.11, 2.36, -0.12,0.00, 0.00, 1.00,0.00, 0.00, 0.00,0.00, 0.00, 0.00,0.00, 0.00, 0.00,0.00, 0.00, 0.00,0,0,0,0
,3_9,19_46_45,1.088934,0,0,0,0,1.088934,35.55, 111.04,0.11, 2.36, -0.12,0.00, 0.00, 1.00,0.00, 0.00, 0.00,0.00, 0.00, 0.00,0.00, 0.00, 0.00,0.00, 0.00, 0.00,0,0,0,0
,3_9,19_46_45,1.091717,0,0,0,0,1.091717,35.55, 111.04,0.11, 2.36, -0.12,0.00, 0.00, 1.00,0.00, 0.00, 0.00,0.00, 0.00, 0.00,0.00, 0.00, 0.00,0.00, 0.00, 0.00,0,0,0,0
,3_9,19_46_45,1.094612,0,0,0,0,1.094612,35.55, 111.04,0.11, 2.36, -0.12,0.00, 0.00, 1.00,0.00, 0.00, 0.00,0.00, 0.00, 0.00,0.00, 0.00, 0.00,0.00, 0.00, 0.00,0,0,0,0
,3_9,19_46_45,1.097519,0,0,0,0,1.097519,35.55, 111.04,0.11, 2.36, -0.12,0.00, 0.00, 1.00,0.00, 0.00, 0.00,0.00, 0.00, 0.00,0.00, 0.00, 0.00,0.00, 0.00, 0.00,0,0,0,0
,3_9,19_46_45,1.100591,0,0,0,0,1.100591,35.55, 111.04,0.11, 2.36, -0.12,0.00, 0.00, 1.00,0.00, 0.00, 0.00,0.00, 0.00, 0.00,0.00, 0.00, 0.00,0.00, 0.00, 0.00,0,0,0,0
,3_9,19_46_45,1.103991,0,0,0,0,1.103991,38.65, 120.80,0.11, 2.36, -0.12,0.00, 0.00, 1.00,0.00, 0.00, 0.00,0.00, 0.00, 0.00,0.00, 0.00, 0.00,0.00, 0.00, 0.00,0,0,0,0
,3_9,19_46_45,1.107101,0,0,0,0,1.107101,39.42, 123.18,0.11, 2.36, -0.12,0.00, 0.00, 1.00,0.00, 0.00, 0.00,0.00, 0.00, 0.00,0.00, 0.00, 0.00,0.00, 0.00, 0.00,0,0,0,0
,3_9,19_46_45,1.110123,0,0,0,0,1.110123,39.42, 123.18,0.11, 2.36, -0.12,0.00, 0.00, 1.00,0.00, 0.00, 0.00,0.00, 0.00, 0.00,0.00, 0.00, 0.00,0.00, 0.00, 0.00,0,0,0,0
,3_9,19_46_45,1.113046,0,0,0,0,1.113046,39.42, 123.18,0.11, 2.36, -0.12,0.00, 0.00, 1.00,0.00, 0.00, 0.00,0.00, 0.00, 0.00,0.00, 0.00, 0.00,0.00, 0.00, 0.00,0,0,0,0
,3_9,19_46_45,1.116006,0,0,0,0,1.116006,39.42, 123.18,0.11, 2.36, -0.12,0.00, 0.00, 1.00,0.00, 0.00, 0.00,0.00, 0.00, 0.00,0.00, 0.00, 0.00,0.00, 0.00, 0.00,0,0,0,0
,3_9,19_46_45,1.118893,0,0,0,0,1.118893,39.42, 123.18,0.11, 2.36, -0.12,0.00, 0.00, 1.00,0.00, 0.00, 0.00,0.00, 0.00, 0.00,0.00, 0.00, 0.00,0.00, 0.00, 0.00,0,0,0,0
,3_9,19_46_45,1.121714,0,0,0,0,1.121714,39.42, 123.18,0.11, 2.36, -0.12,0.00, 0.00, 1.00,0.00, 0.00, 0.00,0.00, 0.00, 0.00,0.00, 0.00, 0.00,0.00, 0.00, 0.00,0,0,0,0
,3_9,19_46_45,1.124741,0,0,0,0,1.124741,39.42, 123.18,0.11, 2.36, -0.12,0.00, 0.00, 1.00,0.00, 0.00, 0.00,0.00, 0.00, 0.00,0.00, 0.00, 0.00,0.00, 0.00, 0.00,0,0,0,0
,3_9,19_46_45,1.127547,0,0,0,0,1.127547,39.42, 123.18,0.11, 2.36, -0.12,0.00, 0.00, 1.00,0.00, 0.00, 0.00,0.00, 0.00, 0.00,0.00, 0.00, 0.00,0.00, 0.00, 0.00,0,0,0,0
,3_9,19_46_45,1.130329,0,0,0,0,1.130329,39.42, 123.18,0.11, 2.36, -0.12,0.00, 0.00, 1.00,0.00, 0.00, 0.00,0.00, 0.00, 0.00,0.00, 0.00, 0.00,0.00, 0.00, 0.00,0,0,0,0
,3_9,19_46_45,1.133127,0,0,0,0,1.133127,39.42, 123.18,0.11, 2.36, -0.12,0.00, 0.00, 1.00,0.00, 0.00, 0.00,0.00, 0.00, 0.00,0.00, 0.00, 0.00,0.00, 0.00, 0.00,0,0,0,0
,3_9,19_46_45,1.13601,0,0,0,0,1.13601,39.42, 123.18,0.11, 2.36, -0.12,0.00, 0.00, 1.00,0.00, 0.00, 0.00,0.00, 0.00, 0.00,0.00, 0.00, 0.00,0.00, 0.00, 0.00,0,0,0,0
,3_9,19_46_45,1.13891,0,0,0,0,1.13891,39.42, 123.18,0.11, 2.36, -0.12,0.00, 0.00, 1.00,0.00, 0.00, 0.00,0.00, 0.00, 0.00,0.00, 0.00, 0.00,0.00, 0.00, 0.00,0,0,0,0
,3_9,19_46_45,1.14174,0,0,0,0,1.14174,39.42, 123.18,0.11, 2.36, -0.12,0.00, 0.00, 1.00,0.00, 0.00, 0.00,0.00, 0.00, 0.00,0.00, 0.00, 0.00,0.00, 0.00, 0.00,0,0,0,0
,3_9,19_46_45,1.144772,0,0,0,0,1.144772,39.42, 123.18,0.11, 2.36, -0.12,0.00, 0.00, 1.00,0.00, 0.00, 0.00,0.00, 0.00, 0.00,0.00, 0.00, 0.00,0.00, 0.00, 0.00,0,0,0,0
,3_9,19_46_45,1.147753,0,0,0,0,1.147753,39.42, 123.18,0.11, 2.36, -0.12,0.00, 0.00, 1.00,0.00, 0.00, 0.00,0.00, 0.00, 0.00,0.00, 0.00, 0.00,0.00, 0.00, 0.00,0,0,0,0
,3_9,19_46_45,1.150561,0,0,0,0,1.150561,39.42, 123.18,0.11, 2.36, -0.12,0.00, 0.00, 1.00,0.00, 0.00, 0.00,0.00, 0.00, 0.00,0.00, 0.00, 0.00,0.00, 0.00, 0.00,0,0,0,0
,3_9,19_46_45,1.153385,0,0,0,0,1.153385,39.42, 123.18,0.11, 2.36, -0.12,0.00, 0.00, 1.00,0.00, 0.00, 0.00,0.00, 0.00, 0.00,0.00, 0.00, 0.00,0.00, 0.00, 0.00,0,0,0,0
,3_9,19_46_45,1.156168,0,0,0,0,1.156168,39.42, 123.18,0.11, 2.36, -0.12,0.00, 0.00, 1.00,0.00, 0.00, 0.00,0.00, 0.00, 0.00,0.00, 0.00, 0.00,0.00, 0.00, 0.00,0,0,0,0
,3_9,19_46_45,1.158985,0,0,0,0,1.158985,39.42, 123.18,0.11, 2.36, -0.12,0.00, 0.00, 1.00,0.00, 0.00, 0.00,0.00, 0.00, 0.00,0.00, 0.00, 0.00,0.00, 0.00, 0.00,0,0,0,0
,3_9,19_46_45,1.161826,0,0,0,0,1.161826,39.42, 123.18,0.11, 2.36, -0.12,0.00, 0.00, 1.00,0.00, 0.00, 0.00,0.00, 0.00, 0.00,0.00, 0.00, 0.00,0.00, 0.00, 0.00,0,0,0,0
,3_9,19_46_45,1.164954,0,0,0,0,1.164954,39.42, 123.18,0.11, 2.36, -0.12,0.00, 0.00, 1.00,0.00, 0.00, 0.00,0.00, 0.00, 0.00,0.00, 0.00, 0.00,0.00, 0.00, 0.00,0,0,0,0
,3_9,19_46_45,1.167752,0,0,0,0,1.167752,39.42, 123.18,0.11, 2.36, -0.12,0.00, 0.00, 1.00,0.00, 0.00, 0.00,0.00, 0.00, 0.00,0.00, 0.00, 0.00,0.00, 0.00, 0.00,0,0,0,0
,3_9,19_46_45,1.170555,0,0,0,0,1.170555,39.42, 123.18,0.11, 2.36, -0.12,0.00, 0.00, 1.00,0.00, 0.00, 0.00,0.00, 0.00, 0.00,0.00, 0.00, 0.00,0.00, 0.00, 0.00,0,0,0,0
,3_9,19_46_45,1.173404,0,0,0,0,1.173404,39.42, 123.18,0.11, 2.36, -0.12,0.00, 0.00, 1.00,0.00, 0.00, 0.00,0.00, 0.00, 0.00,0.00, 0.00, 0.00,0.00, 0.00, 0.00,0,0,0,0
,3_9,19_46_45,1.178801,0,0,0,0,1.178801,39.42, 123.18,0.11, 2.36, -0.12,0.00, 0.00, 1.00,0.00, 0.00, 0.00,0.00, 0.00, 0.00,0.00, 0.00, 0.00,0.00, 0.00, 0.00,0,0,0,0
,3_9,19_46_45,1.181655,0,0,0,0,1.181655,39.42, 123.18,0.11, 2.36, -0.12,0.00, 0.00, 1.00,0.00, 0.00, 0.00,0.00, 0.00, 0.00,0.00, 0.00, 0.00,0.00, 0.00, 0.00,0,0,0,0
,3_9,19_46_45,1.184719,0,0,0,0,1.184719,39.42, 123.18,0.11, 2.36, -0.12,0.00, 0.00, 1.00,0.00, 0.00, 0.00,0.00, 0.00, 0.00,0.00, 0.00, 0.00,0.00, 0.00, 0.00,0,0,0,0
,3_9,19_46_45,1.18759,0,0,0,0,1.18759,39.42, 123.18,0.11, 2.36, -0.12,0.00, 0.00, 1.00,0.00, 0.00, 0.00,0.00, 0.00, 0.00,0.00, 0.00, 0.00,0.00, 0.00, 0.00,0,0,0,0
,3_9,19_46_45,1.190423,0,0,0,0,1.190423,39.42, 123.18,0.11, 2.36, -0.12,0.00, 0.00, 1.00,0.00, 0.00, 0.00,0.00, 0.00, 0.00,0.00, 0.00, 0.00,0.00, 0.00, 0.00,0,0,0,0
,3_9,19_46_45,1.193363,0,0,0,0,1.193363,39.42, 123.18,0.11, 2.36, -0.12,0.00, 0.00, 1.00,0.00, 0.00, 0.00,0.00, 0.00, 0.00,0.00, 0.00, 0.00,0.00, 0.00, 0.00,0,0,0,0
,3_9,19_46_45,1.19617,0,0,0,0,1.19617,39.42, 123.18,0.11, 2.36, -0.12,0.00, 0.00, 1.00,0.00, 0.00, 0.00,0.00, 0.00, 0.00,0.00, 0.00, 0.00,0.00, 0.00, 0.00,0,0,0,0
,3_9,19_46_45,1.19907,0,0,0,0,1.19907,39.42, 123.18,0.11, 2.36, -0.12,0.00, 0.00, 1.00,0.00, 0.00, 0.00,0.00, 0.00, 0.00,0.00, 0.00, 0.00,0.00, 0.00, 0.00,0,0,0,0
,3_9,19_46_45,1.20188,0,0,0,0,1.20188,39.42, 123.18,0.11, 2.36, -0.12,0.00, 0.00, 1.00,0.00, 0.00, 0.00,0.00, 0.00, 0.00,0.00, 0.00, 0.00,0.00, 0.00, 0.00,0,0,0,0
,3_9,19_46_45,1.204813,0,0,0,0,1.204813,39.42, 123.18,0.11, 2.36, -0.12,0.00, 0.00, 1.00,0.00, 0.00, 0.00,0.00, 0.00, 0.00,0.00, 0.00, 0.00,0.00, 0.00, 0.00,0,0,0,0
,3_9,19_46_45,1.207618,0,0,0,0,1.207618,39.42, 123.18,0.11, 2.36, -0.12,0.00, 0.00, 1.00,0.00, 0.00, 0.00,0.00, 0.00, 0.00,0.00, 0.00, 0.00,0.00, 0.00, 0.00,0,0,0,0
,3_9,19_46_45,1.210439,0,0,0,0,1.210439,39.42, 123.18,0.11, 2.36, -0.12,0.00, 0.00, 1.00,0.00, 0.00, 0.00,0.00, 0.00, 0.00,0.00, 0.00, 0.00,0.00, 0.00, 0.00,0,0,0,0
,3_9,19_46_45,1.213196,0,0,0,0,1.213196,39.42, 123.18,0.11, 2.36, -0.12,0.00, 0.00, 1.00,0.00, 0.00, 0.00,0.00, 0.00, 0.00,0.00, 0.00, 0.00,0.00, 0.00, 0.00,0,0,0,0
,3_9,19_46_45,1.216117,0,0,0,0,1.216117,39.42, 123.18,0.11, 2.36, -0.12,0.00, 0.00, 1.00,0.00, 0.00, 0.00,0.00, 0.00, 0.00,0.00, 0.00, 0.00,0.00, 0.00, 0.00,0,0,0,0
,3_9,19_46_45,1.218953,0,0,0,0,1.218953,39.42, 123.18,0.11, 2.36, -0.12,0.00, 0.00, 1.00,0.00, 0.00, 0.00,0.00, 0.00, 0.00,0.00, 0.00, 0.00,0.00, 0.00, 0.00,0,0,0,0
,3_9,19_46_45,1.221791,0,0,0,0,1.221791,39.42, 123.18,0.11, 2.36, -0.12,0.00, 0.00, 1.00,0.00, 0.00, 0.00,0.00, 0.00, 0.00,0.00, 0.00, 0.00,0.00, 0.00, 0.00,0,0,0,0
,3_9,19_46_45,1.224715,0,0,0,0,1.224715,39.42, 123.18,0.11, 2.36, -0.12,0.00, 0.00, 1.00,0.00, 0.00, 0.00,0.00, 0.00, 0.00,0.00, 0.00, 0.00,0.00, 0.00, 0.00,0,0,0,0
,3_9,19_46_45,1.227531,0,0,0,0,1.227531,39.42, 123.18,0.11, 2.36, -0.12,0.00, 0.00, 1.00,0.00, 0.00, 0.00,0.00, 0.00, 0.00,0.00, 0.00, 0.00,0.00, 0.00, 0.00,0,0,0,0
,3_9,19_46_45,1.230276,0,0,0,0,1.230276,39.42, 123.18,0.11, 2.36, -0.12,0.00, 0.00, 1.00,0.00, 0.00, 0.00,0.00, 0.00, 0.00,0.00, 0.00, 0.00,0.00, 0.00, 0.00,0,0,0,0
,3_9,19_46_45,1.233147,0,0,0,0,1.233147,39.42, 123.18,0.11, 2.36, -0.12,0.00, 0.00, 1.00,0.00, 0.00, 0.00,0.00, 0.00, 0.00,0.00, 0.00, 0.00,0.00, 0.00, 0.00,0,0,0,0
,3_9,19_46_45,1.23593,0,0,0,0,1.23593,39.42, 123.18,0.11, 2.36, -0.12,0.00, 0.00, 1.00,0.00, 0.00, 0.00,0.00, 0.00, 0.00,0.00, 0.00, 0.00,0.00, 0.00, 0.00,0,0,0,0
,3_9,19_46_45,1.238808,0,0,0,0,1.238808,39.42, 123.18,0.11, 2.36, -0.12,0.00, 0.00, 1.00,0.00, 0.00, 0.00,0.00, 0.00, 0.00,0.00, 0.00, 0.00,0.00, 0.00, 0.00,0,0,0,0
,3_9,19_46_45,1.241629,0,0,0,0,1.241629,39.42, 123.18,0.11, 2.36, -0.12,0.00, 0.00, 1.00,0.00, 0.00, 0.00,0.00, 0.00, 0.00,0.00, 0.00, 0.00,0.00, 0.00, 0.00,0,0,0,0
,3_9,19_46_45,1.244631,0,0,0,0,1.244631,39.42, 123.18,0.11, 2.36, -0.12,0.00, 0.00, 1.00,0.00, 0.00, 0.00,0.00, 0.00, 0.00,0.00, 0.00, 0.00,0.00, 0.00, 0.00,0,0,0,0
,3_9,19_46_45,1.247551,0,0,0,0,1.247551,39.42, 123.18,0.11, 2.36, -0.12,0.00, 0.00, 1.00,0.00, 0.00, 0.00,0.00, 0.00, 0.00,0.00, 0.00, 0.00,0.00, 0.00, 0.00,0,0,0,0
,3_9,19_46_45,1.250527,0,0,0,0,1.250527,39.42, 123.18,0.11, 2.36, -0.12,0.00, 0.00, 1.00,0.00, 0.00, 0.00,0.00, 0.00, 0.00,0.00, 0.00, 0.00,0.00, 0.00, 0.00,0,0,0,0
,3_9,19_46_45,1.253383,0,0,0,0,1.253383,39.42, 123.18,0.11, 2.36, -0.12,0.00, 0.00, 1.00,0.00, 0.00, 0.00,0.00, 0.00, 0.00,0.00, 0.00, 0.00,0.00, 0.00, 0.00,0,0,0,0
,3_9,19_46_45,1.256377,0,0,0,0,1.256377,39.42, 123.18,0.11, 2.36, -0.12,0.00, 0.00, 1.00,0.00, 0.00, 0.00,0.00, 0.00, 0.00,0.00, 0.00, 0.00,0.00, 0.00, 0.00,0,0,0,0
,3_9,19_46_45,1.259279,0,0,0,0,1.259279,39.42, 123.18,0.11, 2.36, -0.12,0.00, 0.00, 1.00,0.00, 0.00, 0.00,0.00, 0.00, 0.00,0.00, 0.00, 0.00,0.00, 0.00, 0.00,0,0,0,0
,3_9,19_46_45,1.26475,0,0,0,0,1.26475,39.42, 123.18,0.11, 2.36, -0.12,0.00, 0.00, 1.00,0.00, 0.00, 0.00,0.00, 0.00, 0.00,0.00, 0.00, 0.00,0.00, 0.00, 0.00,0,0,0,0
,3_9,19_46_45,1.267732,0,0,0,0,1.267732,39.42, 123.18,0.11, 2.36, -0.12,0.00, 0.00, 1.00,0.00, 0.00, 0.00,0.00, 0.00, 0.00,0.00, 0.00, 0.00,0.00, 0.00, 0.00,0,0,0,0
,3_9,19_46_45,1.270799,0,0,0,0,1.270799,39.42, 123.18,0.11, 2.36, -0.12,0.00, 0.00, 1.00,0.00, 0.00, 0.00,0.00, 0.00, 0.00,0.00, 0.00, 0.00,0.00, 0.00, 0.00,0,0,0,0
,3_9,19_46_45,1.273804,0,0,0,0,1.273804,39.42, 123.18,0.11, 2.36, -0.12,0.00, 0.00, 1.00,0.00, 0.00, 0.00,0.00, 0.00, 0.00,0.00, 0.00, 0.00,0.00, 0.00, 0.00,0,0,0,0
,3_9,19_46_45,1.276771,0,0,0,0,1.276771,39.42, 123.18,0.11, 2.36, -0.12,0.00, 0.00, 1.00,0.00, 0.00, 0.00,0.00, 0.00, 0.00,0.00, 0.00, 0.00,0.00, 0.00, 0.00,0,0,0,0
,3_9,19_46_45,1.279606,0,0,0,0,1.279606,39.42, 123.18,0.11, 2.36, -0.12,0.00, 0.00, 1.00,0.00, 0.00, 0.00,0.00, 0.00, 0.00,0.00, 0.00, 0.00,0.00, 0.00, 0.00,0,0,0,0
,3_9,19_46_45,1.282417,0,0,0,0,1.282417,39.42, 123.18,0.11, 2.36, -0.12,0.00, 0.00, 1.00,0.00, 0.00, 0.00,0.00, 0.00, 0.00,0.00, 0.00, 0.00,0.00, 0.00, 0.00,0,0,0,0
,3_9,19_46_45,1.285376,0,0,0,0,1.285376,39.42, 123.18,0.11, 2.36, -0.12,0.00, 0.00, 1.00,0.00, 0.00, 0.00,0.00, 0.00, 0.00,0.00, 0.00, 0.00,0.00, 0.00, 0.00,0,0,0,0
,3_9,19_46_45,1.288211,0,0,0,0,1.288211,39.42, 123.18,0.11, 2.36, -0.12,0.00, 0.00, 1.00,0.00, 0.00, 0.00,0.00, 0.00, 0.00,0.00, 0.00, 0.00,0.00, 0.00, 0.00,0,0,0,0
,3_9,19_46_45,1.291033,0,0,0,0,1.291033,39.42, 123.18,0.11, 2.36, -0.12,0.00, 0.00, 1.00,0.00, 0.00, 0.00,0.00, 0.00, 0.00,0.00, 0.00, 0.00,0.00, 0.00, 0.00,0,0,0,0
,3_9,19_46_45,1.293832,0,0,0,0,1.293832,39.42, 123.18,0.11, 2.36, -0.12,0.00, 0.00, 1.00,0.00, 0.00, 0.00,0.00, 0.00, 0.00,0.00, 0.00, 0.00,0.00, 0.00, 0.00,0,0,0,0
,3_9,19_46_45,1.296773,0,0,0,0,1.296773,39.42, 123.18,0.11, 2.36, -0.12,0.00, 0.00, 1.00,0.00, 0.00, 0.00,0.00, 0.00, 0.00,0.00, 0.00, 0.00,0.00, 0.00, 0.00,0,0,0,0
,3_9,19_46_45,1.299524,0,0,0,0,1.299524,39.42, 123.18,0.11, 2.36, -0.12,0.00, 0.00, 1.00,0.00, 0.00, 0.00,0.00, 0.00, 0.00,0.00, 0.00, 0.00,0.00, 0.00, 0.00,0,0,0,0
,3_9,19_46_45,1.302458,0,0,0,0,1.302458,39.42, 123.18,0.11, 2.36, -0.12,0.00, 0.00, 1.00,0.00, 0.00, 0.00,0.00, 0.00, 0.00,0.00, 0.00, 0.00,0.00, 0.00, 0.00,0,0,0,0
,3_9,19_46_45,1.305418,0,0,0,0,1.305418,39.42, 123.18,0.11, 2.36, -0.12,0.00, 0.00, 1.00,0.00, 0.00, 0.00,0.00, 0.00, 0.00,0.00, 0.00, 0.00,0.00, 0.00, 0.00,0,0,0,0
,3_9,19_46_45,1.308329,0,0,0,0,1.308329,39.42, 123.18,0.11, 2.36, -0.12,0.00, 0.00, 1.00,0.00, 0.00, 0.00,0.00, 0.00, 0.00,0.00, 0.00, 0.00,0.00, 0.00, 0.00,0,0,0,0
,3_9,19_46_45,1.311116,0,0,0,0,1.311116,39.42, 123.18,0.11, 2.36, -0.12,0.00, 0.00, 1.00,0.00, 0.00, 0.00,0.00, 0.00, 0.00,0.00, 0.00, 0.00,0.00, 0.00, 0.00,0,0,0,0
,3_9,19_46_45,1.313899,0,0,0,0,1.313899,39.42, 123.18,0.11, 2.36, -0.12,0.00, 0.00, 1.00,0.00, 0.00, 0.00,0.00, 0.00, 0.00,0.00, 0.00, 0.00,0.00, 0.00, 0.00,0,0,0,0
,3_9,19_46_45,1.327768,0,0,0,0,1.327768,39.42, 123.18,0.11, 2.36, -0.12,0.00, 0.00, 1.00,0.00, 0.00, 0.00,0.00, 0.00, 0.00,0.00, 0.00, 0.00,0.00, 0.00, 0.00,0,0,0,0
,3_9,19_46_45,1.33776,0,0,0,0,1.33776,39.42, 123.18,0.11, 2.36, -0.12,0.00, 0.00, 1.00,0.00, 0.00, 0.00,0.00, 0.00, 0.00,0.00, 0.00, 0.00,0.00, 0.00, 0.00,0,0,0,0
,3_9,19_46_45,1.340998,0,0,0,0,1.340998,39.42, 123.18,0.11, 2.36, -0.12,0.00, 0.00, 1.00,0.00, 0.00, 0.00,0.00, 0.00, 0.00,0.00, 0.00, 0.00,0.00, 0.00, 0.00,0,0,0,0
,3_9,19_46_45,1.344002,0,0,0,0,1.344002,39.42, 123.18,0.11, 2.36, -0.12,0.00, 0.00, 1.00,0.00, 0.00, 0.00,0.00, 0.00, 0.00,0.00, 0.00, 0.00,0.00, 0.00, 0.00,0,0,0,0
,3_9,19_46_45,1.346821,0,0,0,0,1.346821,39.42, 123.18,0.11, 2.36, -0.12,0.00, 0.00, 1.00,0.00, 0.00, 0.00,0.00, 0.00, 0.00,0.00, 0.00, 0.00,0.00, 0.00, 0.00,0,0,0,0
,3_9,19_46_45,1.349807,0,0,0,0,1.349807,39.42, 123.18,0.11, 2.36, -0.12,0.00, 0.00, 1.00,0.00, 0.00, 0.00,0.00, 0.00, 0.00,0.00, 0.00, 0.00,0.00, 0.00, 0.00,0,0,0,0
,3_9,19_46_45,1.352574,0,0,0,0,1.352574,39.42, 123.18,0.11, 2.36, -0.12,0.00, 0.00, 1.00,0.00, 0.00, 0.00,0.00, 0.00, 0.00,0.00, 0.00, 0.00,0.00, 0.00, 0.00,0,0,0,0
,3_9,19_46_45,1.35538,0,0,0,0,1.35538,39.42, 123.18,0.11, 2.36, -0.12,0.00, 0.00, 1.00,0.00, 0.00, 0.00,0.00, 0.00, 0.00,0.00, 0.00, 0.00,0.00, 0.00, 0.00,0,0,0,0
,3_9,19_46_45,1.358227,0,0,0,0,1.358227,39.42, 123.18,0.11, 2.36, -0.12,0.00, 0.00, 1.00,0.00, 0.00, 0.00,0.00, 0.00, 0.00,0.00, 0.00, 0.00,0.00, 0.00, 0.00,0,0,0,0
,3_9,19_46_45,1.363649,0,0,0,0,1.363649,39.42, 123.18,0.11, 2.36, -0.12,0.00, 0.00, 1.00,0.00, 0.00, 0.00,0.00, 0.00, 0.00,0.00, 0.00, 0.00,0.00, 0.00, 0.00,0,0,0,0
,3_9,19_46_45,1.366695,0,0,0,0,1.366695,39.42, 123.18,0.11, 2.36, -0.12,0.00, 0.00, 1.00,0.00, 0.00, 0.00,0.00, 0.00, 0.00,0.00, 0.00, 0.00,0.00, 0.00, 0.00,0,0,0,0
,3_9,19_46_45,1.369538,0,0,0,0,1.369538,39.42, 123.18,0.11, 2.36, -0.12,0.00, 0.00, 1.00,0.00, 0.00, 0.00,0.00, 0.00, 0.00,0.00, 0.00, 0.00,0.00, 0.00, 0.00,0,0,0,0
,3_9,19_46_45,1.372398,0,0,0,0,1.372398,39.42, 123.18,0.11, 2.36, -0.12,0.00, 0.00, 1.00,0.00, 0.00, 0.00,0.00, 0.00, 0.00,0.00, 0.00, 0.00,0.00, 0.00, 0.00,0,0,0,0
,3_9,19_46_45,1.375374,0,0,0,0,1.375374,39.42, 123.18,0.11, 2.36, -0.12,0.00, 0.00, 1.00,0.00, 0.00, 0.00,0.00, 0.00, 0.00,0.00, 0.00, 0.00,0.00, 0.00, 0.00,0,0,0,0
,3_9,19_46_45,1.37819,0,0,0,0,1.37819,39.42, 123.18,0.11, 2.36, -0.12,0.00, 0.00, 1.00,0.00, 0.00, 0.00,0.00, 0.00, 0.00,0.00, 0.00, 0.00,0.00, 0.00, 0.00,0,0,0,0
,3_9,19_46_45,1.38109,0,0,0,0,1.38109,39.42, 123.18,0.11, 2.36, -0.12,0.00, 0.00, 1.00,0.00, 0.00, 0.00,0.00, 0.00, 0.00,0.00, 0.00, 0.00,0.00, 0.00, 0.00,0,0,0,0
,3_9,19_46_45,1.38404,0,0,0,0,1.38404,39.42, 123.18,0.11, 2.36, -0.12,0.00, 0.00, 1.00,0.00, 0.00, 0.00,0.00, 0.00, 0.00,0.00, 0.00, 0.00,0.00, 0.00, 0.00,0,0,0,0
,3_9,19_46_45,1.386898,0,0,0,0,1.386898,39.42, 123.18,0.11, 2.36, -0.12,0.00, 0.00, 1.00,0.00, 0.00, 0.00,0.00, 0.00, 0.00,0.00, 0.00, 0.00,0.00, 0.00, 0.00,0,0,0,0
,3_9,19_46_45,1.389705,0,0,0,0,1.389705,39.42, 123.18,0.11, 2.36, -0.12,0.00, 0.00, 1.00,0.00, 0.00, 0.00,0.00, 0.00, 0.00,0.00, 0.00, 0.00,0.00, 0.00, 0.00,0,0,0,0
,3_9,19_46_45,1.392557,0,0,0,0,1.392557,39.42, 123.18,0.11, 2.36, -0.12,0.00, 0.00, 1.00,0.00, 0.00, 0.00,0.00, 0.00, 0.00,0.00, 0.00, 0.00,0.00, 0.00, 0.00,0,0,0,0
,3_9,19_46_45,1.401232,0,0,0,0,1.401232,39.42, 123.18,0.11, 2.36, -0.12,0.00, 0.00, 1.00,0.00, 0.00, 0.00,0.00, 0.00, 0.00,0.00, 0.00, 0.00,0.00, 0.00, 0.00,0,0,0,0

